Event Index,Era,Date,Block,Extrinsic Index,Value,Action,Stash,Reward Account,Validator Stash
10601027-24,732,'2022/06/04 15:53:00,10601027,10601027-2,133.7417077706,Staking(Rewarded),1REAJ1k691g5Eqqg9gL7vvZCBG7FCCZ8zgQkZWd4va5ESih,1REAJ1k691g5Eqqg9gL7vvZCBG7FCCZ8zgQkZWd4va5ESih,1REAJ1k691g5Eqqg9gL7vvZCBG7FCCZ8zgQkZWd4va5ESih
10587456-18,731,'2022/06/03 16:46:06,10587456,10587456-2,321.9703037096,Staking(Rewarded),1REAJ1k691g5Eqqg9gL7vvZCBG7FCCZ8zgQkZWd4va5ESih,1REAJ1k691g5Eqqg9gL7vvZCBG7FCCZ8zgQkZWd4va5ESih,1REAJ1k691g5Eqqg9gL7vvZCBG7FCCZ8zgQkZWd4va5ESih
10573632-41,730,'2022/06/02 17:13:48,10573632,10573632-4,313.1891569235,Staking(Rewarded),1REAJ1k691g5Eqqg9gL7vvZCBG7FCCZ8zgQkZWd4va5ESih,1REAJ1k691g5Eqqg9gL7vvZCBG7FCCZ8zgQkZWd4va5ESih,1REAJ1k691g5Eqqg9gL7vvZCBG7FCCZ8zgQkZWd4va5ESih
10572686-3384,729,'2022/06/02 15:36:30,10572686,10572686-107,224.4092481792,Staking(Rewarded),1REAJ1k691g5Eqqg9gL7vvZCBG7FCCZ8zgQkZWd4va5ESih,1REAJ1k691g5Eqqg9gL7vvZCBG7FCCZ8zgQkZWd4va5ESih,1REAJ1k691g5Eqqg9gL7vvZCBG7FCCZ8zgQkZWd4va5ESih
10545188-24,728,'2022/05/31 16:51:30,10545188,10545188-3,138.0176239339,Staking(Rewarded),1REAJ1k691g5Eqqg9gL7vvZCBG7FCCZ8zgQkZWd4va5ESih,1REAJ1k691g5Eqqg9gL7vvZCBG7FCCZ8zgQkZWd4va5ESih,1REAJ1k691g5Eqqg9gL7vvZCBG7FCCZ8zgQkZWd4va5ESih
10530347-19,727,'2022/05/30 15:44:00,10530347,10530347-3,137.4000609594,Staking(Rewarded),1REAJ1k691g5Eqqg9gL7vvZCBG7FCCZ8zgQkZWd4va5ESih,1REAJ1k691g5Eqqg9gL7vvZCBG7FCCZ8zgQkZWd4va5ESih,1REAJ1k691g5Eqqg9gL7vvZCBG7FCCZ8zgQkZWd4va5ESih
10516952-22,726,'2022/05/29 17:00:12,10516952,10516952-3,224.6657874860,Staking(Rewarded),1REAJ1k691g5Eqqg9gL7vvZCBG7FCCZ8zgQkZWd4va5ESih,1REAJ1k691g5Eqqg9gL7vvZCBG7FCCZ8zgQkZWd4va5ESih,1REAJ1k691g5Eqqg9gL7vvZCBG7FCCZ8zgQkZWd4va5ESih
10515057-17,725,'2022/05/29 13:46:12,10515057,10515057-2,224.4510713001,Staking(Rewarded),1REAJ1k691g5Eqqg9gL7vvZCBG7FCCZ8zgQkZWd4va5ESih,1REAJ1k691g5Eqqg9gL7vvZCBG7FCCZ8zgQkZWd4va5ESih,1REAJ1k691g5Eqqg9gL7vvZCBG7FCCZ8zgQkZWd4va5ESih
10502027-2749,724,'2022/05/28 15:36:30,10502027,10502027-105,223.4604840774,Staking(Rewarded),1REAJ1k691g5Eqqg9gL7vvZCBG7FCCZ8zgQkZWd4va5ESih,1REAJ1k691g5Eqqg9gL7vvZCBG7FCCZ8zgQkZWd4va5ESih,1REAJ1k691g5Eqqg9gL7vvZCBG7FCCZ8zgQkZWd4va5ESih
10473822-39,723,'2022/05/26 15:41:12,10473822,10473822-5,74.8074376476,Staking(Rewarded),1REAJ1k691g5Eqqg9gL7vvZCBG7FCCZ8zgQkZWd4va5ESih,1REAJ1k691g5Eqqg9gL7vvZCBG7FCCZ8zgQkZWd4va5ESih,1REAJ1k691g5Eqqg9gL7vvZCBG7FCCZ8zgQkZWd4va5ESih
10460215-16,722,'2022/05/25 16:34:00,10460215,10460215-2,257.9779635610,Staking(Rewarded),1REAJ1k691g5Eqqg9gL7vvZCBG7FCCZ8zgQkZWd4va5ESih,1REAJ1k691g5Eqqg9gL7vvZCBG7FCCZ8zgQkZWd4va5ESih,1REAJ1k691g5Eqqg9gL7vvZCBG7FCCZ8zgQkZWd4va5ESih
10446011-34,721,'2022/05/24 16:36:18,10446011,10446011-4,325.5242317940,Staking(Rewarded),1REAJ1k691g5Eqqg9gL7vvZCBG7FCCZ8zgQkZWd4va5ESih,1REAJ1k691g5Eqqg9gL7vvZCBG7FCCZ8zgQkZWd4va5ESih,1REAJ1k691g5Eqqg9gL7vvZCBG7FCCZ8zgQkZWd4va5ESih
10431320-23,720,'2022/05/23 15:46:54,10431320,10431320-3,128.4312732300,Staking(Rewarded),1REAJ1k691g5Eqqg9gL7vvZCBG7FCCZ8zgQkZWd4va5ESih,1REAJ1k691g5Eqqg9gL7vvZCBG7FCCZ8zgQkZWd4va5ESih,1REAJ1k691g5Eqqg9gL7vvZCBG7FCCZ8zgQkZWd4va5ESih
10417375-16,719,'2022/05/22 16:12:06,10417375,10417375-2,314.0811833256,Staking(Rewarded),1REAJ1k691g5Eqqg9gL7vvZCBG7FCCZ8zgQkZWd4va5ESih,1REAJ1k691g5Eqqg9gL7vvZCBG7FCCZ8zgQkZWd4va5ESih,1REAJ1k691g5Eqqg9gL7vvZCBG7FCCZ8zgQkZWd4va5ESih
10417024-3251,718,'2022/05/22 15:36:36,10417024,10417024-106,252.3182352136,Staking(Rewarded),1REAJ1k691g5Eqqg9gL7vvZCBG7FCCZ8zgQkZWd4va5ESih,1REAJ1k691g5Eqqg9gL7vvZCBG7FCCZ8zgQkZWd4va5ESih,1REAJ1k691g5Eqqg9gL7vvZCBG7FCCZ8zgQkZWd4va5ESih
10398580-23,717,'2022/05/21 08:33:36,10398580,10398580-3,189.6380246676,Staking(Rewarded),1REAJ1k691g5Eqqg9gL7vvZCBG7FCCZ8zgQkZWd4va5ESih,1REAJ1k691g5Eqqg9gL7vvZCBG7FCCZ8zgQkZWd4va5ESih,1REAJ1k691g5Eqqg9gL7vvZCBG7FCCZ8zgQkZWd4va5ESih
10374896-18,716,'2022/05/19 16:40:18,10374896,10374896-2,259.5311134496,Staking(Rewarded),1REAJ1k691g5Eqqg9gL7vvZCBG7FCCZ8zgQkZWd4va5ESih,1REAJ1k691g5Eqqg9gL7vvZCBG7FCCZ8zgQkZWd4va5ESih,1REAJ1k691g5Eqqg9gL7vvZCBG7FCCZ8zgQkZWd4va5ESih
10360129-16,715,'2022/05/18 15:46:36,10360129,10360129-2,321.9308734148,Staking(Rewarded),1REAJ1k691g5Eqqg9gL7vvZCBG7FCCZ8zgQkZWd4va5ESih,1REAJ1k691g5Eqqg9gL7vvZCBG7FCCZ8zgQkZWd4va5ESih,1REAJ1k691g5Eqqg9gL7vvZCBG7FCCZ8zgQkZWd4va5ESih
10355571-16,714,'2022/05/18 08:04:30,10355571,10355571-2,194.1588342483,Staking(Rewarded),1REAJ1k691g5Eqqg9gL7vvZCBG7FCCZ8zgQkZWd4va5ESih,1REAJ1k691g5Eqqg9gL7vvZCBG7FCCZ8zgQkZWd4va5ESih,1REAJ1k691g5Eqqg9gL7vvZCBG7FCCZ8zgQkZWd4va5ESih
10333712-16,713,'2022/05/16 19:15:18,10333712,10333712-2,254.6013067051,Staking(Rewarded),1REAJ1k691g5Eqqg9gL7vvZCBG7FCCZ8zgQkZWd4va5ESih,1REAJ1k691g5Eqqg9gL7vvZCBG7FCCZ8zgQkZWd4va5ESih,1REAJ1k691g5Eqqg9gL7vvZCBG7FCCZ8zgQkZWd4va5ESih
10331548-2625,712,'2022/05/16 15:36:36,10331548,10331548-97,196.0060475196,Staking(Rewarded),1REAJ1k691g5Eqqg9gL7vvZCBG7FCCZ8zgQkZWd4va5ESih,1REAJ1k691g5Eqqg9gL7vvZCBG7FCCZ8zgQkZWd4va5ESih,1REAJ1k691g5Eqqg9gL7vvZCBG7FCCZ8zgQkZWd4va5ESih
10310122-15,711,'2022/05/15 03:37:54,10310122,10310122-2,312.9485891736,Staking(Rewarded),1REAJ1k691g5Eqqg9gL7vvZCBG7FCCZ8zgQkZWd4va5ESih,1REAJ1k691g5Eqqg9gL7vvZCBG7FCCZ8zgQkZWd4va5ESih,1REAJ1k691g5Eqqg9gL7vvZCBG7FCCZ8zgQkZWd4va5ESih
10291064-23,710,'2022/05/13 19:31:36,10291064,10291064-3,251.2927694760,Staking(Rewarded),1REAJ1k691g5Eqqg9gL7vvZCBG7FCCZ8zgQkZWd4va5ESih,1REAJ1k691g5Eqqg9gL7vvZCBG7FCCZ8zgQkZWd4va5ESih,1REAJ1k691g5Eqqg9gL7vvZCBG7FCCZ8zgQkZWd4va5ESih
10275830-28,709,'2022/05/12 17:56:06,10275830,10275830-4,286.9742475629,Staking(Rewarded),1REAJ1k691g5Eqqg9gL7vvZCBG7FCCZ8zgQkZWd4va5ESih,1REAJ1k691g5Eqqg9gL7vvZCBG7FCCZ8zgQkZWd4va5ESih,1REAJ1k691g5Eqqg9gL7vvZCBG7FCCZ8zgQkZWd4va5ESih
10260703-5337,708,'2022/05/11 16:30:12,10260703,10260703-63,195.5356893769,Staking(Rewarded),1REAJ1k691g5Eqqg9gL7vvZCBG7FCCZ8zgQkZWd4va5ESih,1REAJ1k691g5Eqqg9gL7vvZCBG7FCCZ8zgQkZWd4va5ESih,1REAJ1k691g5Eqqg9gL7vvZCBG7FCCZ8zgQkZWd4va5ESih
10245962-33,707,'2022/05/10 15:41:54,10245962,10245962-4,237.3937733217,Staking(Rewarded),1REAJ1k691g5Eqqg9gL7vvZCBG7FCCZ8zgQkZWd4va5ESih,1REAJ1k691g5Eqqg9gL7vvZCBG7FCCZ8zgQkZWd4va5ESih,1REAJ1k691g5Eqqg9gL7vvZCBG7FCCZ8zgQkZWd4va5ESih
10232468-23,706,'2022/05/09 16:57:36,10232468,10232468-4,200.8300139538,Staking(Rewarded),1REAJ1k691g5Eqqg9gL7vvZCBG7FCCZ8zgQkZWd4va5ESih,1REAJ1k691g5Eqqg9gL7vvZCBG7FCCZ8zgQkZWd4va5ESih,1REAJ1k691g5Eqqg9gL7vvZCBG7FCCZ8zgQkZWd4va5ESih
10218218-18,705,'2022/05/08 16:58:54,10218218,10218218-2,388.9917625626,Staking(Rewarded),1REAJ1k691g5Eqqg9gL7vvZCBG7FCCZ8zgQkZWd4va5ESih,1REAJ1k691g5Eqqg9gL7vvZCBG7FCCZ8zgQkZWd4va5ESih,1REAJ1k691g5Eqqg9gL7vvZCBG7FCCZ8zgQkZWd4va5ESih
10204756-15,704,'2022/05/07 18:22:36,10204756,10204756-2,221.2924284257,Staking(Rewarded),1REAJ1k691g5Eqqg9gL7vvZCBG7FCCZ8zgQkZWd4va5ESih,1REAJ1k691g5Eqqg9gL7vvZCBG7FCCZ8zgQkZWd4va5ESih,1REAJ1k691g5Eqqg9gL7vvZCBG7FCCZ8zgQkZWd4va5ESih
10210105-17,703,'2022/05/08 03:22:30,10210105,10210105-2,264.1062714256,Staking(Rewarded),1REAJ1k691g5Eqqg9gL7vvZCBG7FCCZ8zgQkZWd4va5ESih,1REAJ1k691g5Eqqg9gL7vvZCBG7FCCZ8zgQkZWd4va5ESih,1REAJ1k691g5Eqqg9gL7vvZCBG7FCCZ8zgQkZWd4va5ESih
10174820-54,702,'2022/05/05 15:58:00,10174820,10174820-7,198.3970052472,Staking(Rewarded),1REAJ1k691g5Eqqg9gL7vvZCBG7FCCZ8zgQkZWd4va5ESih,1REAJ1k691g5Eqqg9gL7vvZCBG7FCCZ8zgQkZWd4va5ESih,1REAJ1k691g5Eqqg9gL7vvZCBG7FCCZ8zgQkZWd4va5ESih
10160313-29,701,'2022/05/04 15:46:00,10160313,10160313-4,258.0355927247,Staking(Rewarded),1REAJ1k691g5Eqqg9gL7vvZCBG7FCCZ8zgQkZWd4va5ESih,1REAJ1k691g5Eqqg9gL7vvZCBG7FCCZ8zgQkZWd4va5ESih,1REAJ1k691g5Eqqg9gL7vvZCBG7FCCZ8zgQkZWd4va5ESih
10146399-23,700,'2022/05/03 16:33:36,10146399,10146399-3,196.5409038524,Staking(Rewarded),1REAJ1k691g5Eqqg9gL7vvZCBG7FCCZ8zgQkZWd4va5ESih,1REAJ1k691g5Eqqg9gL7vvZCBG7FCCZ8zgQkZWd4va5ESih,1REAJ1k691g5Eqqg9gL7vvZCBG7FCCZ8zgQkZWd4va5ESih
10131519-22,699,'2022/05/02 15:43:00,10131519,10131519-3,194.3300090473,Staking(Rewarded),1REAJ1k691g5Eqqg9gL7vvZCBG7FCCZ8zgQkZWd4va5ESih,1REAJ1k691g5Eqqg9gL7vvZCBG7FCCZ8zgQkZWd4va5ESih,1REAJ1k691g5Eqqg9gL7vvZCBG7FCCZ8zgQkZWd4va5ESih
10117303-20,698,'2022/05/01 16:01:12,10117303,10117303-3,137.2472690501,Staking(Rewarded),1REAJ1k691g5Eqqg9gL7vvZCBG7FCCZ8zgQkZWd4va5ESih,1REAJ1k691g5Eqqg9gL7vvZCBG7FCCZ8zgQkZWd4va5ESih,1REAJ1k691g5Eqqg9gL7vvZCBG7FCCZ8zgQkZWd4va5ESih
10102818-16,697,'2022/04/30 15:52:00,10102818,10102818-2,252.3928246414,Staking(Rewarded),1REAJ1k691g5Eqqg9gL7vvZCBG7FCCZ8zgQkZWd4va5ESih,1REAJ1k691g5Eqqg9gL7vvZCBG7FCCZ8zgQkZWd4va5ESih,1REAJ1k691g5Eqqg9gL7vvZCBG7FCCZ8zgQkZWd4va5ESih
10097723-17,696,'2022/04/30 07:20:54,10097723,10097723-2,134.8594856425,Staking(Rewarded),1REAJ1k691g5Eqqg9gL7vvZCBG7FCCZ8zgQkZWd4va5ESih,1REAJ1k691g5Eqqg9gL7vvZCBG7FCCZ8zgQkZWd4va5ESih,1REAJ1k691g5Eqqg9gL7vvZCBG7FCCZ8zgQkZWd4va5ESih
10074428-15,695,'2022/04/28 16:21:30,10074428,10074428-2,268.2343125844,Staking(Rewarded),1REAJ1k691g5Eqqg9gL7vvZCBG7FCCZ8zgQkZWd4va5ESih,1REAJ1k691g5Eqqg9gL7vvZCBG7FCCZ8zgQkZWd4va5ESih,1REAJ1k691g5Eqqg9gL7vvZCBG7FCCZ8zgQkZWd4va5ESih
10072006-15,694,'2022/04/28 12:18:24,10072006,10072006-2,317.9391612667,Staking(Rewarded),1REAJ1k691g5Eqqg9gL7vvZCBG7FCCZ8zgQkZWd4va5ESih,1REAJ1k691g5Eqqg9gL7vvZCBG7FCCZ8zgQkZWd4va5ESih,1REAJ1k691g5Eqqg9gL7vvZCBG7FCCZ8zgQkZWd4va5ESih
10058674-2697,693,'2022/04/27 13:54:30,10058674,10058674-83,192.2687712873,Staking(Rewarded),1REAJ1k691g5Eqqg9gL7vvZCBG7FCCZ8zgQkZWd4va5ESih,1REAJ1k691g5Eqqg9gL7vvZCBG7FCCZ8zgQkZWd4va5ESih,1REAJ1k691g5Eqqg9gL7vvZCBG7FCCZ8zgQkZWd4va5ESih
10031077-16,692,'2022/04/25 15:53:24,10031077,10031077-2,254.1751450012,Staking(Rewarded),1REAJ1k691g5Eqqg9gL7vvZCBG7FCCZ8zgQkZWd4va5ESih,1REAJ1k691g5Eqqg9gL7vvZCBG7FCCZ8zgQkZWd4va5ESih,1REAJ1k691g5Eqqg9gL7vvZCBG7FCCZ8zgQkZWd4va5ESih
10018230-15,691,'2022/04/24 18:26:36,10018230,10018230-2,134.6238261911,Staking(Rewarded),1REAJ1k691g5Eqqg9gL7vvZCBG7FCCZ8zgQkZWd4va5ESih,1REAJ1k691g5Eqqg9gL7vvZCBG7FCCZ8zgQkZWd4va5ESih,1REAJ1k691g5Eqqg9gL7vvZCBG7FCCZ8zgQkZWd4va5ESih
10016534-2850,690,'2022/04/24 15:36:30,10016534,10016534-80,167.5786362190,Staking(Rewarded),1REAJ1k691g5Eqqg9gL7vvZCBG7FCCZ8zgQkZWd4va5ESih,1REAJ1k691g5Eqqg9gL7vvZCBG7FCCZ8zgQkZWd4va5ESih,1REAJ1k691g5Eqqg9gL7vvZCBG7FCCZ8zgQkZWd4va5ESih
9987747-17,689,'2022/04/22 15:37:42,9987747,9987747-2,174.0507154828,Staking(Rewarded),1REAJ1k691g5Eqqg9gL7vvZCBG7FCCZ8zgQkZWd4va5ESih,1REAJ1k691g5Eqqg9gL7vvZCBG7FCCZ8zgQkZWd4va5ESih,1REAJ1k691g5Eqqg9gL7vvZCBG7FCCZ8zgQkZWd4va5ESih
9987665-1299,688,'2022/04/22 15:29:30,9987665,9987665-71,313.4550748543,Staking(Rewarded),1REAJ1k691g5Eqqg9gL7vvZCBG7FCCZ8zgQkZWd4va5ESih,1REAJ1k691g5Eqqg9gL7vvZCBG7FCCZ8zgQkZWd4va5ESih,1REAJ1k691g5Eqqg9gL7vvZCBG7FCCZ8zgQkZWd4va5ESih
9959909-536,687,'2022/04/20 17:11:30,9959909,9959909-3,119.2400077313,Staking(Rewarded),1REAJ1k691g5Eqqg9gL7vvZCBG7FCCZ8zgQkZWd4va5ESih,1REAJ1k691g5Eqqg9gL7vvZCBG7FCCZ8zgQkZWd4va5ESih,1REAJ1k691g5Eqqg9gL7vvZCBG7FCCZ8zgQkZWd4va5ESih
9956708-1576,686,'2022/04/20 11:50:00,9956708,9956708-74,193.0211979563,Staking(Rewarded),1REAJ1k691g5Eqqg9gL7vvZCBG7FCCZ8zgQkZWd4va5ESih,1REAJ1k691g5Eqqg9gL7vvZCBG7FCCZ8zgQkZWd4va5ESih,1REAJ1k691g5Eqqg9gL7vvZCBG7FCCZ8zgQkZWd4va5ESih
9937716-16,685,'2022/04/19 04:05:30,9937716,9937716-2,192.0382224738,Staking(Rewarded),1REAJ1k691g5Eqqg9gL7vvZCBG7FCCZ8zgQkZWd4va5ESih,1REAJ1k691g5Eqqg9gL7vvZCBG7FCCZ8zgQkZWd4va5ESih,1REAJ1k691g5Eqqg9gL7vvZCBG7FCCZ8zgQkZWd4va5ESih
9916599-13,684,'2022/04/17 16:52:36,9916599,9916599-3,229.9572823471,Staking(Rewarded),1REAJ1k691g5Eqqg9gL7vvZCBG7FCCZ8zgQkZWd4va5ESih,1REAJ1k691g5Eqqg9gL7vvZCBG7FCCZ8zgQkZWd4va5ESih,1REAJ1k691g5Eqqg9gL7vvZCBG7FCCZ8zgQkZWd4va5ESih
9901548-13,683,'2022/04/16 15:47:12,9901548,9901548-2,164.0432876480,Staking(Rewarded),1REAJ1k691g5Eqqg9gL7vvZCBG7FCCZ8zgQkZWd4va5ESih,1REAJ1k691g5Eqqg9gL7vvZCBG7FCCZ8zgQkZWd4va5ESih,1REAJ1k691g5Eqqg9gL7vvZCBG7FCCZ8zgQkZWd4va5ESih
9901442-1983,682,'2022/04/16 15:36:30,9901442,9901442-65,250.3784327889,Staking(Rewarded),1REAJ1k691g5Eqqg9gL7vvZCBG7FCCZ8zgQkZWd4va5ESih,1REAJ1k691g5Eqqg9gL7vvZCBG7FCCZ8zgQkZWd4va5ESih,1REAJ1k691g5Eqqg9gL7vvZCBG7FCCZ8zgQkZWd4va5ESih
9873664-16,681,'2022/04/14 17:17:36,9873664,9873664-2,248.0934928712,Staking(Rewarded),1REAJ1k691g5Eqqg9gL7vvZCBG7FCCZ8zgQkZWd4va5ESih,1REAJ1k691g5Eqqg9gL7vvZCBG7FCCZ8zgQkZWd4va5ESih,1REAJ1k691g5Eqqg9gL7vvZCBG7FCCZ8zgQkZWd4va5ESih
9872218-24,680,'2022/04/14 14:53:00,9872218,9872218-3,159.7796744142,Staking(Rewarded),1REAJ1k691g5Eqqg9gL7vvZCBG7FCCZ8zgQkZWd4va5ESih,1REAJ1k691g5Eqqg9gL7vvZCBG7FCCZ8zgQkZWd4va5ESih,1REAJ1k691g5Eqqg9gL7vvZCBG7FCCZ8zgQkZWd4va5ESih
9844058-26,679,'2022/04/12 15:56:36,9844058,9844058-3,164.8833514953,Staking(Rewarded),1REAJ1k691g5Eqqg9gL7vvZCBG7FCCZ8zgQkZWd4va5ESih,1REAJ1k691g5Eqqg9gL7vvZCBG7FCCZ8zgQkZWd4va5ESih,1REAJ1k691g5Eqqg9gL7vvZCBG7FCCZ8zgQkZWd4va5ESih
9835369-17,678,'2022/04/12 01:27:00,9835369,9835369-2,87.4188355982,Staking(Rewarded),1REAJ1k691g5Eqqg9gL7vvZCBG7FCCZ8zgQkZWd4va5ESih,1REAJ1k691g5Eqqg9gL7vvZCBG7FCCZ8zgQkZWd4va5ESih,1REAJ1k691g5Eqqg9gL7vvZCBG7FCCZ8zgQkZWd4va5ESih
9817182-16,677,'2022/04/10 19:04:06,9817182,9817182-2,249.4594649912,Staking(Rewarded),1REAJ1k691g5Eqqg9gL7vvZCBG7FCCZ8zgQkZWd4va5ESih,1REAJ1k691g5Eqqg9gL7vvZCBG7FCCZ8zgQkZWd4va5ESih,1REAJ1k691g5Eqqg9gL7vvZCBG7FCCZ8zgQkZWd4va5ESih
9813329-17,676,'2022/04/10 12:38:12,9813329,9813329-2,257.6583337709,Staking(Rewarded),1REAJ1k691g5Eqqg9gL7vvZCBG7FCCZ8zgQkZWd4va5ESih,1REAJ1k691g5Eqqg9gL7vvZCBG7FCCZ8zgQkZWd4va5ESih,1REAJ1k691g5Eqqg9gL7vvZCBG7FCCZ8zgQkZWd4va5ESih
9800718-931,675,'2022/04/09 15:36:36,9800718,9800718-60,245.2852482075,Staking(Rewarded),1REAJ1k691g5Eqqg9gL7vvZCBG7FCCZ8zgQkZWd4va5ESih,1REAJ1k691g5Eqqg9gL7vvZCBG7FCCZ8zgQkZWd4va5ESih,1REAJ1k691g5Eqqg9gL7vvZCBG7FCCZ8zgQkZWd4va5ESih
9772110-15,674,'2022/04/07 15:50:12,9772110,9772110-2,164.9603028736,Staking(Rewarded),1REAJ1k691g5Eqqg9gL7vvZCBG7FCCZ8zgQkZWd4va5ESih,1REAJ1k691g5Eqqg9gL7vvZCBG7FCCZ8zgQkZWd4va5ESih,1REAJ1k691g5Eqqg9gL7vvZCBG7FCCZ8zgQkZWd4va5ESih
9760369-13,673,'2022/04/06 20:15:12,9760369,9760369-2,126.2489733082,Staking(Rewarded),1REAJ1k691g5Eqqg9gL7vvZCBG7FCCZ8zgQkZWd4va5ESih,1REAJ1k691g5Eqqg9gL7vvZCBG7FCCZ8zgQkZWd4va5ESih,1REAJ1k691g5Eqqg9gL7vvZCBG7FCCZ8zgQkZWd4va5ESih
9743398-21,672,'2022/04/05 15:56:54,9743398,9743398-3,246.9428275580,Staking(Rewarded),1REAJ1k691g5Eqqg9gL7vvZCBG7FCCZ8zgQkZWd4va5ESih,1REAJ1k691g5Eqqg9gL7vvZCBG7FCCZ8zgQkZWd4va5ESih,1REAJ1k691g5Eqqg9gL7vvZCBG7FCCZ8zgQkZWd4va5ESih
9729489-1062,671,'2022/04/04 16:45:06,9729489,9729489-4,306.2314265814,Staking(Rewarded),1REAJ1k691g5Eqqg9gL7vvZCBG7FCCZ8zgQkZWd4va5ESih,1REAJ1k691g5Eqqg9gL7vvZCBG7FCCZ8zgQkZWd4va5ESih,1REAJ1k691g5Eqqg9gL7vvZCBG7FCCZ8zgQkZWd4va5ESih
9728580-16,670,'2022/04/04 15:14:12,9728580,9728580-2,191.2930907812,Staking(Rewarded),1REAJ1k691g5Eqqg9gL7vvZCBG7FCCZ8zgQkZWd4va5ESih,1REAJ1k691g5Eqqg9gL7vvZCBG7FCCZ8zgQkZWd4va5ESih,1REAJ1k691g5Eqqg9gL7vvZCBG7FCCZ8zgQkZWd4va5ESih
9700086-25,669,'2022/04/02 15:41:18,9700086,9700086-3,256.4156616512,Staking(Rewarded),1REAJ1k691g5Eqqg9gL7vvZCBG7FCCZ8zgQkZWd4va5ESih,1REAJ1k691g5Eqqg9gL7vvZCBG7FCCZ8zgQkZWd4va5ESih,1REAJ1k691g5Eqqg9gL7vvZCBG7FCCZ8zgQkZWd4va5ESih
9693050-22,668,'2022/04/02 03:55:42,9693050,9693050-3,252.2673111610,Staking(Rewarded),1REAJ1k691g5Eqqg9gL7vvZCBG7FCCZ8zgQkZWd4va5ESih,1REAJ1k691g5Eqqg9gL7vvZCBG7FCCZ8zgQkZWd4va5ESih,1REAJ1k691g5Eqqg9gL7vvZCBG7FCCZ8zgQkZWd4va5ESih
9672280-16,667,'2022/03/31 17:16:00,9672280,9672280-2,189.4152071526,Staking(Rewarded),1REAJ1k691g5Eqqg9gL7vvZCBG7FCCZ8zgQkZWd4va5ESih,1REAJ1k691g5Eqqg9gL7vvZCBG7FCCZ8zgQkZWd4va5ESih,1REAJ1k691g5Eqqg9gL7vvZCBG7FCCZ8zgQkZWd4va5ESih
9656922-16,666,'2022/03/30 15:38:30,9656922,9656922-2,361.6874162653,Staking(Rewarded),1REAJ1k691g5Eqqg9gL7vvZCBG7FCCZ8zgQkZWd4va5ESih,1REAJ1k691g5Eqqg9gL7vvZCBG7FCCZ8zgQkZWd4va5ESih,1REAJ1k691g5Eqqg9gL7vvZCBG7FCCZ8zgQkZWd4va5ESih
9648535-15,665,'2022/03/30 01:38:24,9648535,9648535-2,244.8942247932,Staking(Rewarded),1REAJ1k691g5Eqqg9gL7vvZCBG7FCCZ8zgQkZWd4va5ESih,1REAJ1k691g5Eqqg9gL7vvZCBG7FCCZ8zgQkZWd4va5ESih,1REAJ1k691g5Eqqg9gL7vvZCBG7FCCZ8zgQkZWd4va5ESih
9628328-24,664,'2022/03/28 15:57:42,9628328,9628328-3,182.6837278570,Staking(Rewarded),1REAJ1k691g5Eqqg9gL7vvZCBG7FCCZ8zgQkZWd4va5ESih,1REAJ1k691g5Eqqg9gL7vvZCBG7FCCZ8zgQkZWd4va5ESih,1REAJ1k691g5Eqqg9gL7vvZCBG7FCCZ8zgQkZWd4va5ESih
9616617-23,663,'2022/03/27 20:26:24,9616617,9616617-3,306.7695381818,Staking(Rewarded),1REAJ1k691g5Eqqg9gL7vvZCBG7FCCZ8zgQkZWd4va5ESih,1REAJ1k691g5Eqqg9gL7vvZCBG7FCCZ8zgQkZWd4va5ESih,1REAJ1k691g5Eqqg9gL7vvZCBG7FCCZ8zgQkZWd4va5ESih
9610176-16,662,'2022/03/27 09:41:54,9610176,9610176-2,70.3587737476,Staking(Rewarded),1REAJ1k691g5Eqqg9gL7vvZCBG7FCCZ8zgQkZWd4va5ESih,1REAJ1k691g5Eqqg9gL7vvZCBG7FCCZ8zgQkZWd4va5ESih,1REAJ1k691g5Eqqg9gL7vvZCBG7FCCZ8zgQkZWd4va5ESih
9585088-711,661,'2022/03/25 15:41:06,9585088,9585088-4,355.4618756428,Staking(Rewarded),1REAJ1k691g5Eqqg9gL7vvZCBG7FCCZ8zgQkZWd4va5ESih,1REAJ1k691g5Eqqg9gL7vvZCBG7FCCZ8zgQkZWd4va5ESih,1REAJ1k691g5Eqqg9gL7vvZCBG7FCCZ8zgQkZWd4va5ESih
9571666-15,660,'2022/03/24 17:18:36,9571666,9571666-2,305.2242079469,Staking(Rewarded),1REAJ1k691g5Eqqg9gL7vvZCBG7FCCZ8zgQkZWd4va5ESih,1REAJ1k691g5Eqqg9gL7vvZCBG7FCCZ8zgQkZWd4va5ESih,1REAJ1k691g5Eqqg9gL7vvZCBG7FCCZ8zgQkZWd4va5ESih
9557607-1946,659,'2022/03/23 17:03:36,9557607,9557607-26,311.3192059383,Staking(Rewarded),1REAJ1k691g5Eqqg9gL7vvZCBG7FCCZ8zgQkZWd4va5ESih,1REAJ1k691g5Eqqg9gL7vvZCBG7FCCZ8zgQkZWd4va5ESih,1REAJ1k691g5Eqqg9gL7vvZCBG7FCCZ8zgQkZWd4va5ESih
9542909-38,658,'2022/03/22 16:20:06,9542909,9542909-4,305.9038525764,Staking(Rewarded),1REAJ1k691g5Eqqg9gL7vvZCBG7FCCZ8zgQkZWd4va5ESih,1REAJ1k691g5Eqqg9gL7vvZCBG7FCCZ8zgQkZWd4va5ESih,1REAJ1k691g5Eqqg9gL7vvZCBG7FCCZ8zgQkZWd4va5ESih
9528604-25,657,'2022/03/21 16:28:42,9528604,9528604-3,184.7920311297,Staking(Rewarded),1REAJ1k691g5Eqqg9gL7vvZCBG7FCCZ8zgQkZWd4va5ESih,1REAJ1k691g5Eqqg9gL7vvZCBG7FCCZ8zgQkZWd4va5ESih,1REAJ1k691g5Eqqg9gL7vvZCBG7FCCZ8zgQkZWd4va5ESih
9520657-22,656,'2022/03/21 03:13:54,9520657,9520657-3,305.4645234649,Staking(Rewarded),1REAJ1k691g5Eqqg9gL7vvZCBG7FCCZ8zgQkZWd4va5ESih,1REAJ1k691g5Eqqg9gL7vvZCBG7FCCZ8zgQkZWd4va5ESih,1REAJ1k691g5Eqqg9gL7vvZCBG7FCCZ8zgQkZWd4va5ESih
9513684-2188,655,'2022/03/20 15:36:30,9513684,9513684-68,189.0386021593,Staking(Rewarded),1REAJ1k691g5Eqqg9gL7vvZCBG7FCCZ8zgQkZWd4va5ESih,1REAJ1k691g5Eqqg9gL7vvZCBG7FCCZ8zgQkZWd4va5ESih,1REAJ1k691g5Eqqg9gL7vvZCBG7FCCZ8zgQkZWd4va5ESih
9485053-20,654,'2022/03/18 15:53:18,9485053,9485053-3,371.1740077484,Staking(Rewarded),1REAJ1k691g5Eqqg9gL7vvZCBG7FCCZ8zgQkZWd4va5ESih,1REAJ1k691g5Eqqg9gL7vvZCBG7FCCZ8zgQkZWd4va5ESih,1REAJ1k691g5Eqqg9gL7vvZCBG7FCCZ8zgQkZWd4va5ESih
9472911-14,653,'2022/03/17 19:38:54,9472911,9472911-2,186.8876230246,Staking(Rewarded),1REAJ1k691g5Eqqg9gL7vvZCBG7FCCZ8zgQkZWd4va5ESih,1REAJ1k691g5Eqqg9gL7vvZCBG7FCCZ8zgQkZWd4va5ESih,1REAJ1k691g5Eqqg9gL7vvZCBG7FCCZ8zgQkZWd4va5ESih
9461386-15,652,'2022/03/17 00:26:24,9461386,9461386-2,251.8939043040,Staking(Rewarded),1REAJ1k691g5Eqqg9gL7vvZCBG7FCCZ8zgQkZWd4va5ESih,1REAJ1k691g5Eqqg9gL7vvZCBG7FCCZ8zgQkZWd4va5ESih,1REAJ1k691g5Eqqg9gL7vvZCBG7FCCZ8zgQkZWd4va5ESih
9442102-533,651,'2022/03/15 16:17:42,9442102,9442102-2,190.3516182841,Staking(Rewarded),1REAJ1k691g5Eqqg9gL7vvZCBG7FCCZ8zgQkZWd4va5ESih,1REAJ1k691g5Eqqg9gL7vvZCBG7FCCZ8zgQkZWd4va5ESih,1REAJ1k691g5Eqqg9gL7vvZCBG7FCCZ8zgQkZWd4va5ESih
9428001-15,650,'2022/03/14 16:47:30,9428001,9428001-2,238.2298530408,Staking(Rewarded),1REAJ1k691g5Eqqg9gL7vvZCBG7FCCZ8zgQkZWd4va5ESih,1REAJ1k691g5Eqqg9gL7vvZCBG7FCCZ8zgQkZWd4va5ESih,1REAJ1k691g5Eqqg9gL7vvZCBG7FCCZ8zgQkZWd4va5ESih
9412902-20,649,'2022/03/13 15:37:24,9412902,9412902-3,124.7718158299,Staking(Rewarded),1REAJ1k691g5Eqqg9gL7vvZCBG7FCCZ8zgQkZWd4va5ESih,1REAJ1k691g5Eqqg9gL7vvZCBG7FCCZ8zgQkZWd4va5ESih,1REAJ1k691g5Eqqg9gL7vvZCBG7FCCZ8zgQkZWd4va5ESih
9399567-30,648,'2022/03/12 17:20:42,9399567,9399567-4,204.5027732821,Staking(Rewarded),1REAJ1k691g5Eqqg9gL7vvZCBG7FCCZ8zgQkZWd4va5ESih,1REAJ1k691g5Eqqg9gL7vvZCBG7FCCZ8zgQkZWd4va5ESih,1REAJ1k691g5Eqqg9gL7vvZCBG7FCCZ8zgQkZWd4va5ESih
9384158-11,647,'2022/03/11 15:39:18,9384158,9384158-2,186.4248777684,Staking(Rewarded),1REAJ1k691g5Eqqg9gL7vvZCBG7FCCZ8zgQkZWd4va5ESih,1REAJ1k691g5Eqqg9gL7vvZCBG7FCCZ8zgQkZWd4va5ESih,1REAJ1k691g5Eqqg9gL7vvZCBG7FCCZ8zgQkZWd4va5ESih
9369803-11,646,'2022/03/10 15:43:36,9369803,9369803-2,307.3749250217,Staking(Rewarded),1REAJ1k691g5Eqqg9gL7vvZCBG7FCCZ8zgQkZWd4va5ESih,1REAJ1k691g5Eqqg9gL7vvZCBG7FCCZ8zgQkZWd4va5ESih,1REAJ1k691g5Eqqg9gL7vvZCBG7FCCZ8zgQkZWd4va5ESih
9355397-17,645,'2022/03/09 15:42:54,9355397,9355397-3,311.6754089757,Staking(Rewarded),1REAJ1k691g5Eqqg9gL7vvZCBG7FCCZ8zgQkZWd4va5ESih,1REAJ1k691g5Eqqg9gL7vvZCBG7FCCZ8zgQkZWd4va5ESih,1REAJ1k691g5Eqqg9gL7vvZCBG7FCCZ8zgQkZWd4va5ESih
9341054-10,644,'2022/03/08 15:45:00,9341054,9341054-2,245.3819898250,Staking(Rewarded),1REAJ1k691g5Eqqg9gL7vvZCBG7FCCZ8zgQkZWd4va5ESih,1REAJ1k691g5Eqqg9gL7vvZCBG7FCCZ8zgQkZWd4va5ESih,1REAJ1k691g5Eqqg9gL7vvZCBG7FCCZ8zgQkZWd4va5ESih
9326773-19,643,'2022/03/07 15:51:00,9326773,9326773-3,246.3823640777,Staking(Rewarded),1REAJ1k691g5Eqqg9gL7vvZCBG7FCCZ8zgQkZWd4va5ESih,1REAJ1k691g5Eqqg9gL7vvZCBG7FCCZ8zgQkZWd4va5ESih,1REAJ1k691g5Eqqg9gL7vvZCBG7FCCZ8zgQkZWd4va5ESih
9312536-11,642,'2022/03/06 16:03:30,9312536,9312536-2,302.0700019019,Staking(Rewarded),1REAJ1k691g5Eqqg9gL7vvZCBG7FCCZ8zgQkZWd4va5ESih,1REAJ1k691g5Eqqg9gL7vvZCBG7FCCZ8zgQkZWd4va5ESih,1REAJ1k691g5Eqqg9gL7vvZCBG7FCCZ8zgQkZWd4va5ESih
9298159-16,641,'2022/03/05 16:03:06,9298159,9298159-3,249.1921810857,Staking(Rewarded),1REAJ1k691g5Eqqg9gL7vvZCBG7FCCZ8zgQkZWd4va5ESih,1REAJ1k691g5Eqqg9gL7vvZCBG7FCCZ8zgQkZWd4va5ESih,1REAJ1k691g5Eqqg9gL7vvZCBG7FCCZ8zgQkZWd4va5ESih
9283546-16,640,'2022/03/04 15:41:42,9283546,9283546-3,249.3956549750,Staking(Rewarded),1REAJ1k691g5Eqqg9gL7vvZCBG7FCCZ8zgQkZWd4va5ESih,1REAJ1k691g5Eqqg9gL7vvZCBG7FCCZ8zgQkZWd4va5ESih,1REAJ1k691g5Eqqg9gL7vvZCBG7FCCZ8zgQkZWd4va5ESih
9269350-11,639,'2022/03/03 16:00:36,9269350,9269350-2,313.0849590331,Staking(Rewarded),1REAJ1k691g5Eqqg9gL7vvZCBG7FCCZ8zgQkZWd4va5ESih,1REAJ1k691g5Eqqg9gL7vvZCBG7FCCZ8zgQkZWd4va5ESih,1REAJ1k691g5Eqqg9gL7vvZCBG7FCCZ8zgQkZWd4va5ESih
9255880-57,638,'2022/03/02 17:32:12,9255880,9255880-8,306.4983346500,Staking(Rewarded),1REAJ1k691g5Eqqg9gL7vvZCBG7FCCZ8zgQkZWd4va5ESih,1REAJ1k691g5Eqqg9gL7vvZCBG7FCCZ8zgQkZWd4va5ESih,1REAJ1k691g5Eqqg9gL7vvZCBG7FCCZ8zgQkZWd4va5ESih
9240666-61,637,'2022/03/01 16:10:30,9240666,9240666-6,245.2419440039,Staking(Rewarded),1REAJ1k691g5Eqqg9gL7vvZCBG7FCCZ8zgQkZWd4va5ESih,1REAJ1k691g5Eqqg9gL7vvZCBG7FCCZ8zgQkZWd4va5ESih,1REAJ1k691g5Eqqg9gL7vvZCBG7FCCZ8zgQkZWd4va5ESih
9226258-11,636,'2022/02/28 16:09:24,9226258,9226258-2,198.6183188103,Staking(Rewarded),1REAJ1k691g5Eqqg9gL7vvZCBG7FCCZ8zgQkZWd4va5ESih,1REAJ1k691g5Eqqg9gL7vvZCBG7FCCZ8zgQkZWd4va5ESih,1REAJ1k691g5Eqqg9gL7vvZCBG7FCCZ8zgQkZWd4va5ESih
9212011-11,635,'2022/02/27 16:24:12,9212011,9212011-2,248.6559534538,Staking(Rewarded),1REAJ1k691g5Eqqg9gL7vvZCBG7FCCZ8zgQkZWd4va5ESih,1REAJ1k691g5Eqqg9gL7vvZCBG7FCCZ8zgQkZWd4va5ESih,1REAJ1k691g5Eqqg9gL7vvZCBG7FCCZ8zgQkZWd4va5ESih
9197454-24,634,'2022/02/26 16:08:12,9197454,9197454-4,133.2957454207,Staking(Rewarded),1REAJ1k691g5Eqqg9gL7vvZCBG7FCCZ8zgQkZWd4va5ESih,1REAJ1k691g5Eqqg9gL7vvZCBG7FCCZ8zgQkZWd4va5ESih,1REAJ1k691g5Eqqg9gL7vvZCBG7FCCZ8zgQkZWd4va5ESih
9184528-10,633,'2022/02/25 18:32:30,9184528,9184528-2,251.4426615388,Staking(Rewarded),1REAJ1k691g5Eqqg9gL7vvZCBG7FCCZ8zgQkZWd4va5ESih,1REAJ1k691g5Eqqg9gL7vvZCBG7FCCZ8zgQkZWd4va5ESih,1REAJ1k691g5Eqqg9gL7vvZCBG7FCCZ8zgQkZWd4va5ESih
9169660-18,632,'2022/02/24 17:39:54,9169660,9169660-3,208.8332246592,Staking(Rewarded),1REAJ1k691g5Eqqg9gL7vvZCBG7FCCZ8zgQkZWd4va5ESih,1REAJ1k691g5Eqqg9gL7vvZCBG7FCCZ8zgQkZWd4va5ESih,1REAJ1k691g5Eqqg9gL7vvZCBG7FCCZ8zgQkZWd4va5ESih
9154468-34,631,'2022/02/23 16:20:18,9154468,9154468-4,383.5534108548,Staking(Rewarded),1REAJ1k691g5Eqqg9gL7vvZCBG7FCCZ8zgQkZWd4va5ESih,1REAJ1k691g5Eqqg9gL7vvZCBG7FCCZ8zgQkZWd4va5ESih,1REAJ1k691g5Eqqg9gL7vvZCBG7FCCZ8zgQkZWd4va5ESih
9139679-18,630,'2022/02/22 15:41:12,9139679,9139679-3,304.8134303766,Staking(Rewarded),1REAJ1k691g5Eqqg9gL7vvZCBG7FCCZ8zgQkZWd4va5ESih,1REAJ1k691g5Eqqg9gL7vvZCBG7FCCZ8zgQkZWd4va5ESih,1REAJ1k691g5Eqqg9gL7vvZCBG7FCCZ8zgQkZWd4va5ESih
9125975-35,629,'2022/02/21 16:50:48,9125975,9125975-5,256.9826514724,Staking(Rewarded),1REAJ1k691g5Eqqg9gL7vvZCBG7FCCZ8zgQkZWd4va5ESih,1REAJ1k691g5Eqqg9gL7vvZCBG7FCCZ8zgQkZWd4va5ESih,1REAJ1k691g5Eqqg9gL7vvZCBG7FCCZ8zgQkZWd4va5ESih
9115445-15,628,'2022/02/20 23:17:36,9115445,9115445-3,199.7681180282,Staking(Rewarded),1REAJ1k691g5Eqqg9gL7vvZCBG7FCCZ8zgQkZWd4va5ESih,1REAJ1k691g5Eqqg9gL7vvZCBG7FCCZ8zgQkZWd4va5ESih,1REAJ1k691g5Eqqg9gL7vvZCBG7FCCZ8zgQkZWd4va5ESih
9097509-29,627,'2022/02/19 17:23:42,9097509,9097509-5,131.4158668914,Staking(Rewarded),1REAJ1k691g5Eqqg9gL7vvZCBG7FCCZ8zgQkZWd4va5ESih,1REAJ1k691g5Eqqg9gL7vvZCBG7FCCZ8zgQkZWd4va5ESih,1REAJ1k691g5Eqqg9gL7vvZCBG7FCCZ8zgQkZWd4va5ESih
9083515-25,626,'2022/02/18 18:04:12,9083515,9083515-4,126.9730472923,Staking(Rewarded),1REAJ1k691g5Eqqg9gL7vvZCBG7FCCZ8zgQkZWd4va5ESih,1REAJ1k691g5Eqqg9gL7vvZCBG7FCCZ8zgQkZWd4va5ESih,1REAJ1k691g5Eqqg9gL7vvZCBG7FCCZ8zgQkZWd4va5ESih
9068573-11,625,'2022/02/17 17:05:42,9068573,9068573-2,311.9555679015,Staking(Rewarded),1REAJ1k691g5Eqqg9gL7vvZCBG7FCCZ8zgQkZWd4va5ESih,1REAJ1k691g5Eqqg9gL7vvZCBG7FCCZ8zgQkZWd4va5ESih,1REAJ1k691g5Eqqg9gL7vvZCBG7FCCZ8zgQkZWd4va5ESih
9054517-8,624,'2022/02/16 17:39:18,9054517,9054517-2,135.5681796326,Staking(Rewarded),1REAJ1k691g5Eqqg9gL7vvZCBG7FCCZ8zgQkZWd4va5ESih,1REAJ1k691g5Eqqg9gL7vvZCBG7FCCZ8zgQkZWd4va5ESih,1REAJ1k691g5Eqqg9gL7vvZCBG7FCCZ8zgQkZWd4va5ESih
9038927-10,623,'2022/02/15 15:40:12,9038927,9038927-2,242.3769369965,Staking(Rewarded),1REAJ1k691g5Eqqg9gL7vvZCBG7FCCZ8zgQkZWd4va5ESih,1REAJ1k691g5Eqqg9gL7vvZCBG7FCCZ8zgQkZWd4va5ESih,1REAJ1k691g5Eqqg9gL7vvZCBG7FCCZ8zgQkZWd4va5ESih
9024941-19,622,'2022/02/14 16:21:30,9024941,9024941-3,255.1622809082,Staking(Rewarded),1REAJ1k691g5Eqqg9gL7vvZCBG7FCCZ8zgQkZWd4va5ESih,1REAJ1k691g5Eqqg9gL7vvZCBG7FCCZ8zgQkZWd4va5ESih,1REAJ1k691g5Eqqg9gL7vvZCBG7FCCZ8zgQkZWd4va5ESih
9010202-16,621,'2022/02/13 15:47:24,9010202,9010202-3,184.5866734918,Staking(Rewarded),1REAJ1k691g5Eqqg9gL7vvZCBG7FCCZ8zgQkZWd4va5ESih,1REAJ1k691g5Eqqg9gL7vvZCBG7FCCZ8zgQkZWd4va5ESih,1REAJ1k691g5Eqqg9gL7vvZCBG7FCCZ8zgQkZWd4va5ESih
8995786-24,620,'2022/02/12 15:45:42,8995786,8995786-4,310.2568969445,Staking(Rewarded),1REAJ1k691g5Eqqg9gL7vvZCBG7FCCZ8zgQkZWd4va5ESih,1REAJ1k691g5Eqqg9gL7vvZCBG7FCCZ8zgQkZWd4va5ESih,1REAJ1k691g5Eqqg9gL7vvZCBG7FCCZ8zgQkZWd4va5ESih
8981375-11,619,'2022/02/11 15:44:30,8981375,8981375-2,307.1685671487,Staking(Rewarded),1REAJ1k691g5Eqqg9gL7vvZCBG7FCCZ8zgQkZWd4va5ESih,1REAJ1k691g5Eqqg9gL7vvZCBG7FCCZ8zgQkZWd4va5ESih,1REAJ1k691g5Eqqg9gL7vvZCBG7FCCZ8zgQkZWd4va5ESih
8968821-15,618,'2022/02/10 18:49:00,8968821,8968821-3,310.2398895915,Staking(Rewarded),1REAJ1k691g5Eqqg9gL7vvZCBG7FCCZ8zgQkZWd4va5ESih,1REAJ1k691g5Eqqg9gL7vvZCBG7FCCZ8zgQkZWd4va5ESih,1REAJ1k691g5Eqqg9gL7vvZCBG7FCCZ8zgQkZWd4va5ESih
8959616-31,617,'2022/02/10 03:27:54,8959616,8959616-5,189.5922791477,Staking(Rewarded),1REAJ1k691g5Eqqg9gL7vvZCBG7FCCZ8zgQkZWd4va5ESih,1REAJ1k691g5Eqqg9gL7vvZCBG7FCCZ8zgQkZWd4va5ESih,1REAJ1k691g5Eqqg9gL7vvZCBG7FCCZ8zgQkZWd4va5ESih
8938241-31,616,'2022/02/08 15:49:00,8938241,8938241-5,246.4552018835,Staking(Rewarded),1REAJ1k691g5Eqqg9gL7vvZCBG7FCCZ8zgQkZWd4va5ESih,1REAJ1k691g5Eqqg9gL7vvZCBG7FCCZ8zgQkZWd4va5ESih,1REAJ1k691g5Eqqg9gL7vvZCBG7FCCZ8zgQkZWd4va5ESih
8923773-26,615,'2022/02/07 15:41:24,8923773,8923773-4,249.3790536711,Staking(Rewarded),1REAJ1k691g5Eqqg9gL7vvZCBG7FCCZ8zgQkZWd4va5ESih,1REAJ1k691g5Eqqg9gL7vvZCBG7FCCZ8zgQkZWd4va5ESih,1REAJ1k691g5Eqqg9gL7vvZCBG7FCCZ8zgQkZWd4va5ESih
8910406-11,614,'2022/02/06 17:24:30,8910406,8910406-2,190.1112834333,Staking(Rewarded),1REAJ1k691g5Eqqg9gL7vvZCBG7FCCZ8zgQkZWd4va5ESih,1REAJ1k691g5Eqqg9gL7vvZCBG7FCCZ8zgQkZWd4va5ESih,1REAJ1k691g5Eqqg9gL7vvZCBG7FCCZ8zgQkZWd4va5ESih
8895167-29,613,'2022/02/05 16:00:18,8895167,8895167-4,248.4293728234,Staking(Rewarded),1REAJ1k691g5Eqqg9gL7vvZCBG7FCCZ8zgQkZWd4va5ESih,1REAJ1k691g5Eqqg9gL7vvZCBG7FCCZ8zgQkZWd4va5ESih,1REAJ1k691g5Eqqg9gL7vvZCBG7FCCZ8zgQkZWd4va5ESih
8882403-24,612,'2022/02/04 18:43:12,8882403,8882403-4,128.4013687537,Staking(Rewarded),1REAJ1k691g5Eqqg9gL7vvZCBG7FCCZ8zgQkZWd4va5ESih,1REAJ1k691g5Eqqg9gL7vvZCBG7FCCZ8zgQkZWd4va5ESih,1REAJ1k691g5Eqqg9gL7vvZCBG7FCCZ8zgQkZWd4va5ESih
8866789-13,611,'2022/02/03 16:40:24,8866789,8866789-3,307.7224578224,Staking(Rewarded),1REAJ1k691g5Eqqg9gL7vvZCBG7FCCZ8zgQkZWd4va5ESih,1REAJ1k691g5Eqqg9gL7vvZCBG7FCCZ8zgQkZWd4va5ESih,1REAJ1k691g5Eqqg9gL7vvZCBG7FCCZ8zgQkZWd4va5ESih
8851950-31,610,'2022/02/02 15:56:00,8851950,8851950-5,247.0598196088,Staking(Rewarded),1REAJ1k691g5Eqqg9gL7vvZCBG7FCCZ8zgQkZWd4va5ESih,1REAJ1k691g5Eqqg9gL7vvZCBG7FCCZ8zgQkZWd4va5ESih,1REAJ1k691g5Eqqg9gL7vvZCBG7FCCZ8zgQkZWd4va5ESih
8837866-17,609,'2022/02/01 16:26:54,8837866,8837866-3,130.9635993800,Staking(Rewarded),1REAJ1k691g5Eqqg9gL7vvZCBG7FCCZ8zgQkZWd4va5ESih,1REAJ1k691g5Eqqg9gL7vvZCBG7FCCZ8zgQkZWd4va5ESih,1REAJ1k691g5Eqqg9gL7vvZCBG7FCCZ8zgQkZWd4va5ESih
8823231-53,608,'2022/01/31 16:02:18,8823231,8823231-6,359.2540566863,Staking(Rewarded),1REAJ1k691g5Eqqg9gL7vvZCBG7FCCZ8zgQkZWd4va5ESih,1REAJ1k691g5Eqqg9gL7vvZCBG7FCCZ8zgQkZWd4va5ESih,1REAJ1k691g5Eqqg9gL7vvZCBG7FCCZ8zgQkZWd4va5ESih
8810294-18,607,'2022/01/30 18:27:42,8810294,8810294-3,310.0141149140,Staking(Rewarded),1REAJ1k691g5Eqqg9gL7vvZCBG7FCCZ8zgQkZWd4va5ESih,1REAJ1k691g5Eqqg9gL7vvZCBG7FCCZ8zgQkZWd4va5ESih,1REAJ1k691g5Eqqg9gL7vvZCBG7FCCZ8zgQkZWd4va5ESih
8797516-23,606,'2022/01/29 21:09:24,8797516,8797516-4,189.5376518630,Staking(Rewarded),1REAJ1k691g5Eqqg9gL7vvZCBG7FCCZ8zgQkZWd4va5ESih,1REAJ1k691g5Eqqg9gL7vvZCBG7FCCZ8zgQkZWd4va5ESih,1REAJ1k691g5Eqqg9gL7vvZCBG7FCCZ8zgQkZWd4va5ESih
8781264-20,605,'2022/01/28 18:03:48,8781264,8781264-3,303.5313209383,Staking(Rewarded),1REAJ1k691g5Eqqg9gL7vvZCBG7FCCZ8zgQkZWd4va5ESih,1REAJ1k691g5Eqqg9gL7vvZCBG7FCCZ8zgQkZWd4va5ESih,1REAJ1k691g5Eqqg9gL7vvZCBG7FCCZ8zgQkZWd4va5ESih
8766892-19,604,'2022/01/27 18:06:12,8766892,8766892-3,250.4086458385,Staking(Rewarded),1REAJ1k691g5Eqqg9gL7vvZCBG7FCCZ8zgQkZWd4va5ESih,1REAJ1k691g5Eqqg9gL7vvZCBG7FCCZ8zgQkZWd4va5ESih,1REAJ1k691g5Eqqg9gL7vvZCBG7FCCZ8zgQkZWd4va5ESih
8751223-34,603,'2022/01/26 15:58:30,8751223,8751223-5,128.6951574289,Staking(Rewarded),1REAJ1k691g5Eqqg9gL7vvZCBG7FCCZ8zgQkZWd4va5ESih,1REAJ1k691g5Eqqg9gL7vvZCBG7FCCZ8zgQkZWd4va5ESih,1REAJ1k691g5Eqqg9gL7vvZCBG7FCCZ8zgQkZWd4va5ESih
8753705-10,602,'2022/01/26 20:06:54,8753705,8753705-2,247.3808731833,Staking(Rewarded),1REAJ1k691g5Eqqg9gL7vvZCBG7FCCZ8zgQkZWd4va5ESih,1REAJ1k691g5Eqqg9gL7vvZCBG7FCCZ8zgQkZWd4va5ESih,1REAJ1k691g5Eqqg9gL7vvZCBG7FCCZ8zgQkZWd4va5ESih
8722501-28,601,'2022/01/24 16:04:24,8722501,8722501-4,187.8748035788,Staking(Rewarded),1REAJ1k691g5Eqqg9gL7vvZCBG7FCCZ8zgQkZWd4va5ESih,1REAJ1k691g5Eqqg9gL7vvZCBG7FCCZ8zgQkZWd4va5ESih,1REAJ1k691g5Eqqg9gL7vvZCBG7FCCZ8zgQkZWd4va5ESih
8707950-46,600,'2022/01/23 15:48:36,8707950,8707950-7,306.8433224228,Staking(Rewarded),1REAJ1k691g5Eqqg9gL7vvZCBG7FCCZ8zgQkZWd4va5ESih,1REAJ1k691g5Eqqg9gL7vvZCBG7FCCZ8zgQkZWd4va5ESih,1REAJ1k691g5Eqqg9gL7vvZCBG7FCCZ8zgQkZWd4va5ESih
8693766-36,599,'2022/01/22 16:09:24,8693766,8693766-5,187.9269949817,Staking(Rewarded),1REAJ1k691g5Eqqg9gL7vvZCBG7FCCZ8zgQkZWd4va5ESih,1REAJ1k691g5Eqqg9gL7vvZCBG7FCCZ8zgQkZWd4va5ESih,1REAJ1k691g5Eqqg9gL7vvZCBG7FCCZ8zgQkZWd4va5ESih
8679243-18,598,'2022/01/21 15:56:30,8679243,8679243-3,302.6173593180,Staking(Rewarded),1REAJ1k691g5Eqqg9gL7vvZCBG7FCCZ8zgQkZWd4va5ESih,1REAJ1k691g5Eqqg9gL7vvZCBG7FCCZ8zgQkZWd4va5ESih,1REAJ1k691g5Eqqg9gL7vvZCBG7FCCZ8zgQkZWd4va5ESih
8664697-19,597,'2022/01/20 15:40:36,8664697,8664697-3,301.5467013829,Staking(Rewarded),1REAJ1k691g5Eqqg9gL7vvZCBG7FCCZ8zgQkZWd4va5ESih,1REAJ1k691g5Eqqg9gL7vvZCBG7FCCZ8zgQkZWd4va5ESih,1REAJ1k691g5Eqqg9gL7vvZCBG7FCCZ8zgQkZWd4va5ESih
8652718-11,596,'2022/01/19 19:42:30,8652718,8652718-2,295.1545730634,Staking(Rewarded),1REAJ1k691g5Eqqg9gL7vvZCBG7FCCZ8zgQkZWd4va5ESih,1REAJ1k691g5Eqqg9gL7vvZCBG7FCCZ8zgQkZWd4va5ESih,1REAJ1k691g5Eqqg9gL7vvZCBG7FCCZ8zgQkZWd4va5ESih
8636005-11,595,'2022/01/18 15:50:42,8636005,8636005-2,128.7643399933,Staking(Rewarded),1REAJ1k691g5Eqqg9gL7vvZCBG7FCCZ8zgQkZWd4va5ESih,1REAJ1k691g5Eqqg9gL7vvZCBG7FCCZ8zgQkZWd4va5ESih,1REAJ1k691g5Eqqg9gL7vvZCBG7FCCZ8zgQkZWd4va5ESih
8621949-24,594,'2022/01/17 16:25:00,8621949,8621949-4,301.3384371193,Staking(Rewarded),1REAJ1k691g5Eqqg9gL7vvZCBG7FCCZ8zgQkZWd4va5ESih,1REAJ1k691g5Eqqg9gL7vvZCBG7FCCZ8zgQkZWd4va5ESih,1REAJ1k691g5Eqqg9gL7vvZCBG7FCCZ8zgQkZWd4va5ESih
8608331-20,593,'2022/01/16 17:42:54,8608331,8608331-3,246.5644830273,Staking(Rewarded),1REAJ1k691g5Eqqg9gL7vvZCBG7FCCZ8zgQkZWd4va5ESih,1REAJ1k691g5Eqqg9gL7vvZCBG7FCCZ8zgQkZWd4va5ESih,1REAJ1k691g5Eqqg9gL7vvZCBG7FCCZ8zgQkZWd4va5ESih
8593122-27,592,'2022/01/15 16:21:36,8593122,8593122-5,257.1008843204,Staking(Rewarded),1REAJ1k691g5Eqqg9gL7vvZCBG7FCCZ8zgQkZWd4va5ESih,1REAJ1k691g5Eqqg9gL7vvZCBG7FCCZ8zgQkZWd4va5ESih,1REAJ1k691g5Eqqg9gL7vvZCBG7FCCZ8zgQkZWd4va5ESih
8578385-19,591,'2022/01/14 15:47:36,8578385,8578385-3,254.0707539961,Staking(Rewarded),1REAJ1k691g5Eqqg9gL7vvZCBG7FCCZ8zgQkZWd4va5ESih,1REAJ1k691g5Eqqg9gL7vvZCBG7FCCZ8zgQkZWd4va5ESih,1REAJ1k691g5Eqqg9gL7vvZCBG7FCCZ8zgQkZWd4va5ESih
8565256-32,590,'2022/01/13 17:54:18,8565256,8565256-3,247.9847407309,Staking(Rewarded),1REAJ1k691g5Eqqg9gL7vvZCBG7FCCZ8zgQkZWd4va5ESih,1REAJ1k691g5Eqqg9gL7vvZCBG7FCCZ8zgQkZWd4va5ESih,1REAJ1k691g5Eqqg9gL7vvZCBG7FCCZ8zgQkZWd4va5ESih
8550652-16,589,'2022/01/12 17:33:24,8550652,8550652-3,189.0227397715,Staking(Rewarded),1REAJ1k691g5Eqqg9gL7vvZCBG7FCCZ8zgQkZWd4va5ESih,1REAJ1k691g5Eqqg9gL7vvZCBG7FCCZ8zgQkZWd4va5ESih,1REAJ1k691g5Eqqg9gL7vvZCBG7FCCZ8zgQkZWd4va5ESih
8535241-11,588,'2022/01/11 15:51:30,8535241,8535241-2,249.9925575232,Staking(Rewarded),1REAJ1k691g5Eqqg9gL7vvZCBG7FCCZ8zgQkZWd4va5ESih,1REAJ1k691g5Eqqg9gL7vvZCBG7FCCZ8zgQkZWd4va5ESih,1REAJ1k691g5Eqqg9gL7vvZCBG7FCCZ8zgQkZWd4va5ESih
8520760-29,587,'2022/01/10 15:43:12,8520760,8520760-5,354.0425312745,Staking(Rewarded),1REAJ1k691g5Eqqg9gL7vvZCBG7FCCZ8zgQkZWd4va5ESih,1REAJ1k691g5Eqqg9gL7vvZCBG7FCCZ8zgQkZWd4va5ESih,1REAJ1k691g5Eqqg9gL7vvZCBG7FCCZ8zgQkZWd4va5ESih
8506515-11,586,'2022/01/09 15:58:12,8506515,8506515-2,306.8575916570,Staking(Rewarded),1REAJ1k691g5Eqqg9gL7vvZCBG7FCCZ8zgQkZWd4va5ESih,1REAJ1k691g5Eqqg9gL7vvZCBG7FCCZ8zgQkZWd4va5ESih,1REAJ1k691g5Eqqg9gL7vvZCBG7FCCZ8zgQkZWd4va5ESih
8492634-16,585,'2022/01/08 16:50:00,8492634,8492634-3,246.6624338147,Staking(Rewarded),1REAJ1k691g5Eqqg9gL7vvZCBG7FCCZ8zgQkZWd4va5ESih,1REAJ1k691g5Eqqg9gL7vvZCBG7FCCZ8zgQkZWd4va5ESih,1REAJ1k691g5Eqqg9gL7vvZCBG7FCCZ8zgQkZWd4va5ESih
8477584-17,584,'2022/01/07 15:44:36,8477584,8477584-3,129.7774397863,Staking(Rewarded),1REAJ1k691g5Eqqg9gL7vvZCBG7FCCZ8zgQkZWd4va5ESih,1REAJ1k691g5Eqqg9gL7vvZCBG7FCCZ8zgQkZWd4va5ESih,1REAJ1k691g5Eqqg9gL7vvZCBG7FCCZ8zgQkZWd4va5ESih
8463802-16,583,'2022/01/06 16:45:36,8463802,8463802-3,296.5773809105,Staking(Rewarded),1REAJ1k691g5Eqqg9gL7vvZCBG7FCCZ8zgQkZWd4va5ESih,1REAJ1k691g5Eqqg9gL7vvZCBG7FCCZ8zgQkZWd4va5ESih,1REAJ1k691g5Eqqg9gL7vvZCBG7FCCZ8zgQkZWd4va5ESih
8450147-535,582,'2022/01/05 17:58:54,8450147,8450147-3,304.7621235962,Staking(Rewarded),1REAJ1k691g5Eqqg9gL7vvZCBG7FCCZ8zgQkZWd4va5ESih,1REAJ1k691g5Eqqg9gL7vvZCBG7FCCZ8zgQkZWd4va5ESih,1REAJ1k691g5Eqqg9gL7vvZCBG7FCCZ8zgQkZWd4va5ESih
8450147-19,581,'2022/01/05 17:58:54,8450147,8450147-3,185.3432827405,Staking(Rewarded),1REAJ1k691g5Eqqg9gL7vvZCBG7FCCZ8zgQkZWd4va5ESih,1REAJ1k691g5Eqqg9gL7vvZCBG7FCCZ8zgQkZWd4va5ESih,1REAJ1k691g5Eqqg9gL7vvZCBG7FCCZ8zgQkZWd4va5ESih
8424497-31,580,'2022/01/03 23:12:54,8424497,8424497-5,251.8063010876,Staking(Rewarded),1REAJ1k691g5Eqqg9gL7vvZCBG7FCCZ8zgQkZWd4va5ESih,1REAJ1k691g5Eqqg9gL7vvZCBG7FCCZ8zgQkZWd4va5ESih,1REAJ1k691g5Eqqg9gL7vvZCBG7FCCZ8zgQkZWd4va5ESih
8407280-35,579,'2022/01/02 18:30:12,8407280,8407280-5,296.3825406511,Staking(Rewarded),1REAJ1k691g5Eqqg9gL7vvZCBG7FCCZ8zgQkZWd4va5ESih,1REAJ1k691g5Eqqg9gL7vvZCBG7FCCZ8zgQkZWd4va5ESih,1REAJ1k691g5Eqqg9gL7vvZCBG7FCCZ8zgQkZWd4va5ESih
8392052-18,578,'2022/01/01 17:06:30,8392052,8392052-3,129.3107754961,Staking(Rewarded),1REAJ1k691g5Eqqg9gL7vvZCBG7FCCZ8zgQkZWd4va5ESih,1REAJ1k691g5Eqqg9gL7vvZCBG7FCCZ8zgQkZWd4va5ESih,1REAJ1k691g5Eqqg9gL7vvZCBG7FCCZ8zgQkZWd4va5ESih
8384691-11,577,'2022/01/01 04:49:54,8384691,8384691-2,246.9133169559,Staking(Rewarded),1REAJ1k691g5Eqqg9gL7vvZCBG7FCCZ8zgQkZWd4va5ESih,1REAJ1k691g5Eqqg9gL7vvZCBG7FCCZ8zgQkZWd4va5ESih,1REAJ1k691g5Eqqg9gL7vvZCBG7FCCZ8zgQkZWd4va5ESih
8377435-287,576,'2021/12/31 16:44:18,8377435,8377435-7,182.4000291181,Staking(Rewarded),1REAJ1k691g5Eqqg9gL7vvZCBG7FCCZ8zgQkZWd4va5ESih,1REAJ1k691g5Eqqg9gL7vvZCBG7FCCZ8zgQkZWd4va5ESih,1REAJ1k691g5Eqqg9gL7vvZCBG7FCCZ8zgQkZWd4va5ESih
8348891-539,575,'2021/12/29 17:08:36,8348891,8348891-3,191.7517931124,Staking(Rewarded),1REAJ1k691g5Eqqg9gL7vvZCBG7FCCZ8zgQkZWd4va5ESih,1REAJ1k691g5Eqqg9gL7vvZCBG7FCCZ8zgQkZWd4va5ESih,1REAJ1k691g5Eqqg9gL7vvZCBG7FCCZ8zgQkZWd4va5ESih
8348891-23,574,'2021/12/29 17:08:36,8348891,8348891-3,131.4442140212,Staking(Rewarded),1REAJ1k691g5Eqqg9gL7vvZCBG7FCCZ8zgQkZWd4va5ESih,1REAJ1k691g5Eqqg9gL7vvZCBG7FCCZ8zgQkZWd4va5ESih,1REAJ1k691g5Eqqg9gL7vvZCBG7FCCZ8zgQkZWd4va5ESih
8321365-16,573,'2021/12/27 19:14:36,8321365,8321365-3,310.9258418493,Staking(Rewarded),1REAJ1k691g5Eqqg9gL7vvZCBG7FCCZ8zgQkZWd4va5ESih,1REAJ1k691g5Eqqg9gL7vvZCBG7FCCZ8zgQkZWd4va5ESih,1REAJ1k691g5Eqqg9gL7vvZCBG7FCCZ8zgQkZWd4va5ESih
8314951-587,572,'2021/12/27 08:32:06,8314951,8314951-10,186.8964034086,Staking(Rewarded),1REAJ1k691g5Eqqg9gL7vvZCBG7FCCZ8zgQkZWd4va5ESih,1REAJ1k691g5Eqqg9gL7vvZCBG7FCCZ8zgQkZWd4va5ESih,1REAJ1k691g5Eqqg9gL7vvZCBG7FCCZ8zgQkZWd4va5ESih
8314951-71,571,'2021/12/27 08:32:06,8314951,8314951-10,195.2439376986,Staking(Rewarded),1REAJ1k691g5Eqqg9gL7vvZCBG7FCCZ8zgQkZWd4va5ESih,1REAJ1k691g5Eqqg9gL7vvZCBG7FCCZ8zgQkZWd4va5ESih,1REAJ1k691g5Eqqg9gL7vvZCBG7FCCZ8zgQkZWd4va5ESih
8283957-526,570,'2021/12/25 04:51:54,8283957,8283957-2,366.3639449449,Staking(Rewarded),1REAJ1k691g5Eqqg9gL7vvZCBG7FCCZ8zgQkZWd4va5ESih,1REAJ1k691g5Eqqg9gL7vvZCBG7FCCZ8zgQkZWd4va5ESih,1REAJ1k691g5Eqqg9gL7vvZCBG7FCCZ8zgQkZWd4va5ESih
8283957-10,569,'2021/12/25 04:51:54,8283957,8283957-2,356.5790069904,Staking(Rewarded),1REAJ1k691g5Eqqg9gL7vvZCBG7FCCZ8zgQkZWd4va5ESih,1REAJ1k691g5Eqqg9gL7vvZCBG7FCCZ8zgQkZWd4va5ESih,1REAJ1k691g5Eqqg9gL7vvZCBG7FCCZ8zgQkZWd4va5ESih
8314967-24,568,'2021/12/27 08:33:42,8314967,8314967-4,193.0516330910,Staking(Rewarded),1REAJ1k691g5Eqqg9gL7vvZCBG7FCCZ8zgQkZWd4va5ESih,1REAJ1k691g5Eqqg9gL7vvZCBG7FCCZ8zgQkZWd4va5ESih,1REAJ1k691g5Eqqg9gL7vvZCBG7FCCZ8zgQkZWd4va5ESih
8236013-548,567,'2021/12/21 20:52:24,8236013,8236013-5,357.6481684680,Staking(Rewarded),1REAJ1k691g5Eqqg9gL7vvZCBG7FCCZ8zgQkZWd4va5ESih,1REAJ1k691g5Eqqg9gL7vvZCBG7FCCZ8zgQkZWd4va5ESih,1REAJ1k691g5Eqqg9gL7vvZCBG7FCCZ8zgQkZWd4va5ESih
8236013-32,566,'2021/12/21 20:52:24,8236013,8236013-5,303.8450486688,Staking(Rewarded),1REAJ1k691g5Eqqg9gL7vvZCBG7FCCZ8zgQkZWd4va5ESih,1REAJ1k691g5Eqqg9gL7vvZCBG7FCCZ8zgQkZWd4va5ESih,1REAJ1k691g5Eqqg9gL7vvZCBG7FCCZ8zgQkZWd4va5ESih
8205099-35,565,'2021/12/19 17:20:18,8205099,8205099-3,183.1641155568,Staking(Rewarded),1REAJ1k691g5Eqqg9gL7vvZCBG7FCCZ8zgQkZWd4va5ESih,1REAJ1k691g5Eqqg9gL7vvZCBG7FCCZ8zgQkZWd4va5ESih,1REAJ1k691g5Eqqg9gL7vvZCBG7FCCZ8zgQkZWd4va5ESih
8196467-25,564,'2021/12/19 02:57:00,8196467,8196467-4,363.8193747731,Staking(Rewarded),1REAJ1k691g5Eqqg9gL7vvZCBG7FCCZ8zgQkZWd4va5ESih,1REAJ1k691g5Eqqg9gL7vvZCBG7FCCZ8zgQkZWd4va5ESih,1REAJ1k691g5Eqqg9gL7vvZCBG7FCCZ8zgQkZWd4va5ESih
8191138-23,563,'2021/12/18 18:04:06,8191138,8191138-4,201.0360376328,Staking(Rewarded),1REAJ1k691g5Eqqg9gL7vvZCBG7FCCZ8zgQkZWd4va5ESih,1REAJ1k691g5Eqqg9gL7vvZCBG7FCCZ8zgQkZWd4va5ESih,1REAJ1k691g5Eqqg9gL7vvZCBG7FCCZ8zgQkZWd4va5ESih
8167759-6,562,'2021/12/17 03:03:36,8167759,8167759-2,208.9162003950,Staking(Rewarded),1REAJ1k691g5Eqqg9gL7vvZCBG7FCCZ8zgQkZWd4va5ESih,1REAJ1k691g5Eqqg9gL7vvZCBG7FCCZ8zgQkZWd4va5ESih,1REAJ1k691g5Eqqg9gL7vvZCBG7FCCZ8zgQkZWd4va5ESih
8147974-17,561,'2021/12/15 18:04:36,8147974,8147974-4,250.2370472666,Staking(Rewarded),1REAJ1k691g5Eqqg9gL7vvZCBG7FCCZ8zgQkZWd4va5ESih,1REAJ1k691g5Eqqg9gL7vvZCBG7FCCZ8zgQkZWd4va5ESih,1REAJ1k691g5Eqqg9gL7vvZCBG7FCCZ8zgQkZWd4va5ESih
8133275-20,560,'2021/12/14 17:34:00,8133275,8133275-4,254.5941931316,Staking(Rewarded),1REAJ1k691g5Eqqg9gL7vvZCBG7FCCZ8zgQkZWd4va5ESih,1REAJ1k691g5Eqqg9gL7vvZCBG7FCCZ8zgQkZWd4va5ESih,1REAJ1k691g5Eqqg9gL7vvZCBG7FCCZ8zgQkZWd4va5ESih
8117804-19,559,'2021/12/13 15:45:54,8117804,8117804-3,301.2466623644,Staking(Rewarded),1REAJ1k691g5Eqqg9gL7vvZCBG7FCCZ8zgQkZWd4va5ESih,1REAJ1k691g5Eqqg9gL7vvZCBG7FCCZ8zgQkZWd4va5ESih,1REAJ1k691g5Eqqg9gL7vvZCBG7FCCZ8zgQkZWd4va5ESih
8108061-6,558,'2021/12/12 23:30:30,8108061,8108061-2,246.9187663503,Staking(Rewarded),1REAJ1k691g5Eqqg9gL7vvZCBG7FCCZ8zgQkZWd4va5ESih,1REAJ1k691g5Eqqg9gL7vvZCBG7FCCZ8zgQkZWd4va5ESih,1REAJ1k691g5Eqqg9gL7vvZCBG7FCCZ8zgQkZWd4va5ESih
8089013-6,557,'2021/12/11 15:44:54,8089013,8089013-2,159.1198115405,Staking(Rewarded),1REAJ1k691g5Eqqg9gL7vvZCBG7FCCZ8zgQkZWd4va5ESih,1REAJ1k691g5Eqqg9gL7vvZCBG7FCCZ8zgQkZWd4va5ESih,1REAJ1k691g5Eqqg9gL7vvZCBG7FCCZ8zgQkZWd4va5ESih
8089837-24,556,'2021/12/11 17:07:24,8089837,8089837-4,276.8151796610,Staking(Rewarded),1REAJ1k691g5Eqqg9gL7vvZCBG7FCCZ8zgQkZWd4va5ESih,1REAJ1k691g5Eqqg9gL7vvZCBG7FCCZ8zgQkZWd4va5ESih,1REAJ1k691g5Eqqg9gL7vvZCBG7FCCZ8zgQkZWd4va5ESih
8061203-24,555,'2021/12/09 17:22:36,8061203,8061203-4,298.8691090386,Staking(Rewarded),1REAJ1k691g5Eqqg9gL7vvZCBG7FCCZ8zgQkZWd4va5ESih,1REAJ1k691g5Eqqg9gL7vvZCBG7FCCZ8zgQkZWd4va5ESih,1REAJ1k691g5Eqqg9gL7vvZCBG7FCCZ8zgQkZWd4va5ESih
8046045-13,554,'2021/12/08 16:05:06,8046045,8046045-3,206.0706006473,Staking(Rewarded),1REAJ1k691g5Eqqg9gL7vvZCBG7FCCZ8zgQkZWd4va5ESih,1REAJ1k691g5Eqqg9gL7vvZCBG7FCCZ8zgQkZWd4va5ESih,1REAJ1k691g5Eqqg9gL7vvZCBG7FCCZ8zgQkZWd4va5ESih
8032057-6,553,'2021/12/07 16:46:00,8032057,8032057-2,247.2591726976,Staking(Rewarded),1REAJ1k691g5Eqqg9gL7vvZCBG7FCCZ8zgQkZWd4va5ESih,1REAJ1k691g5Eqqg9gL7vvZCBG7FCCZ8zgQkZWd4va5ESih,1REAJ1k691g5Eqqg9gL7vvZCBG7FCCZ8zgQkZWd4va5ESih
8021715-559,552,'2021/12/06 23:31:00,8021715,8021715-6,308.6792401461,Staking(Rewarded),1REAJ1k691g5Eqqg9gL7vvZCBG7FCCZ8zgQkZWd4va5ESih,1REAJ1k691g5Eqqg9gL7vvZCBG7FCCZ8zgQkZWd4va5ESih,1REAJ1k691g5Eqqg9gL7vvZCBG7FCCZ8zgQkZWd4va5ESih
8021715-43,551,'2021/12/06 23:31:00,8021715,8021715-6,304.4609487370,Staking(Rewarded),1REAJ1k691g5Eqqg9gL7vvZCBG7FCCZ8zgQkZWd4va5ESih,1REAJ1k691g5Eqqg9gL7vvZCBG7FCCZ8zgQkZWd4va5ESih,1REAJ1k691g5Eqqg9gL7vvZCBG7FCCZ8zgQkZWd4va5ESih
7989615-20,550,'2021/12/04 17:59:12,7989615,7989615-4,260.3586508224,Staking(Rewarded),1REAJ1k691g5Eqqg9gL7vvZCBG7FCCZ8zgQkZWd4va5ESih,1REAJ1k691g5Eqqg9gL7vvZCBG7FCCZ8zgQkZWd4va5ESih,1REAJ1k691g5Eqqg9gL7vvZCBG7FCCZ8zgQkZWd4va5ESih
7978871-15,549,'2021/12/04 00:04:12,7978871,7978871-3,185.6997475821,Staking(Rewarded),1REAJ1k691g5Eqqg9gL7vvZCBG7FCCZ8zgQkZWd4va5ESih,1REAJ1k691g5Eqqg9gL7vvZCBG7FCCZ8zgQkZWd4va5ESih,1REAJ1k691g5Eqqg9gL7vvZCBG7FCCZ8zgQkZWd4va5ESih
7960956-522,548,'2021/12/02 18:09:18,7960956,7960956-4,272.8007560129,Staking(Rewarded),1REAJ1k691g5Eqqg9gL7vvZCBG7FCCZ8zgQkZWd4va5ESih,1REAJ1k691g5Eqqg9gL7vvZCBG7FCCZ8zgQkZWd4va5ESih,1REAJ1k691g5Eqqg9gL7vvZCBG7FCCZ8zgQkZWd4va5ESih
7960956-26,547,'2021/12/02 18:09:18,7960956,7960956-4,167.2249206337,Staking(Rewarded),1REAJ1k691g5Eqqg9gL7vvZCBG7FCCZ8zgQkZWd4va5ESih,1REAJ1k691g5Eqqg9gL7vvZCBG7FCCZ8zgQkZWd4va5ESih,1REAJ1k691g5Eqqg9gL7vvZCBG7FCCZ8zgQkZWd4va5ESih
7978877-15,546,'2021/12/04 00:04:54,7978877,7978877-3,196.2907009133,Staking(Rewarded),1REAJ1k691g5Eqqg9gL7vvZCBG7FCCZ8zgQkZWd4va5ESih,1REAJ1k691g5Eqqg9gL7vvZCBG7FCCZ8zgQkZWd4va5ESih,1REAJ1k691g5Eqqg9gL7vvZCBG7FCCZ8zgQkZWd4va5ESih
7916855-537,545,'2021/11/29 16:37:12,7916855,7916855-4,159.2024818658,staking(Rewarded),1REAJ1k691g5Eqqg9gL7vvZCBG7FCCZ8zgQkZWd4va5ESih,1REAJ1k691g5Eqqg9gL7vvZCBG7FCCZ8zgQkZWd4va5ESih,1REAJ1k691g5Eqqg9gL7vvZCBG7FCCZ8zgQkZWd4va5ESih
7916855-21,544,'2021/11/29 16:37:12,7916855,7916855-4,199.1356162330,staking(Rewarded),1REAJ1k691g5Eqqg9gL7vvZCBG7FCCZ8zgQkZWd4va5ESih,1REAJ1k691g5Eqqg9gL7vvZCBG7FCCZ8zgQkZWd4va5ESih,1REAJ1k691g5Eqqg9gL7vvZCBG7FCCZ8zgQkZWd4va5ESih
7894087-15,543,'2021/11/28 02:39:06,7894087,7894087-3,127.1053324869,staking(Rewarded),1REAJ1k691g5Eqqg9gL7vvZCBG7FCCZ8zgQkZWd4va5ESih,1REAJ1k691g5Eqqg9gL7vvZCBG7FCCZ8zgQkZWd4va5ESih,1REAJ1k691g5Eqqg9gL7vvZCBG7FCCZ8zgQkZWd4va5ESih
7883847-498,542,'2021/11/27 09:34:48,7883847,7883847-2,179.7400815188,staking(Rewarded),1REAJ1k691g5Eqqg9gL7vvZCBG7FCCZ8zgQkZWd4va5ESih,1REAJ1k691g5Eqqg9gL7vvZCBG7FCCZ8zgQkZWd4va5ESih,1REAJ1k691g5Eqqg9gL7vvZCBG7FCCZ8zgQkZWd4va5ESih
7883847-6,541,'2021/11/27 09:34:48,7883847,7883847-2,107.5720878075,staking(Rewarded),1REAJ1k691g5Eqqg9gL7vvZCBG7FCCZ8zgQkZWd4va5ESih,1REAJ1k691g5Eqqg9gL7vvZCBG7FCCZ8zgQkZWd4va5ESih,1REAJ1k691g5Eqqg9gL7vvZCBG7FCCZ8zgQkZWd4va5ESih
7894209-15,540,'2021/11/28 02:51:18,7894209,7894209-3,179.3383015525,staking(Rewarded),1REAJ1k691g5Eqqg9gL7vvZCBG7FCCZ8zgQkZWd4va5ESih,1REAJ1k691g5Eqqg9gL7vvZCBG7FCCZ8zgQkZWd4va5ESih,1REAJ1k691g5Eqqg9gL7vvZCBG7FCCZ8zgQkZWd4va5ESih
7830655-479,539,'2021/11/23 16:41:00,7830655,7830655-3,137.8477973361,staking(Rewarded),1REAJ1k691g5Eqqg9gL7vvZCBG7FCCZ8zgQkZWd4va5ESih,1REAJ1k691g5Eqqg9gL7vvZCBG7FCCZ8zgQkZWd4va5ESih,1REAJ1k691g5Eqqg9gL7vvZCBG7FCCZ8zgQkZWd4va5ESih
7830655-15,538,'2021/11/23 16:41:00,7830655,7830655-3,164.0939432799,staking(Rewarded),1REAJ1k691g5Eqqg9gL7vvZCBG7FCCZ8zgQkZWd4va5ESih,1REAJ1k691g5Eqqg9gL7vvZCBG7FCCZ8zgQkZWd4va5ESih,1REAJ1k691g5Eqqg9gL7vvZCBG7FCCZ8zgQkZWd4va5ESih
7804629-25,537,'2021/11/21 21:04:12,7804629,7804629-3,179.2709551428,staking(Rewarded),1REAJ1k691g5Eqqg9gL7vvZCBG7FCCZ8zgQkZWd4va5ESih,1REAJ1k691g5Eqqg9gL7vvZCBG7FCCZ8zgQkZWd4va5ESih,1REAJ1k691g5Eqqg9gL7vvZCBG7FCCZ8zgQkZWd4va5ESih
7791798-28,536,'2021/11/20 23:33:00,7791798,7791798-5,203.7662617466,staking(Rewarded),1REAJ1k691g5Eqqg9gL7vvZCBG7FCCZ8zgQkZWd4va5ESih,1REAJ1k691g5Eqqg9gL7vvZCBG7FCCZ8zgQkZWd4va5ESih,1REAJ1k691g5Eqqg9gL7vvZCBG7FCCZ8zgQkZWd4va5ESih
7779448-486,535,'2021/11/20 02:53:42,7779448,7779448-4,160.5000647566,staking(Rewarded),1REAJ1k691g5Eqqg9gL7vvZCBG7FCCZ8zgQkZWd4va5ESih,1REAJ1k691g5Eqqg9gL7vvZCBG7FCCZ8zgQkZWd4va5ESih,1REAJ1k691g5Eqqg9gL7vvZCBG7FCCZ8zgQkZWd4va5ESih
7779448-22,534,'2021/11/20 02:53:42,7779448,7779448-4,96.5042629091,staking(Rewarded),1REAJ1k691g5Eqqg9gL7vvZCBG7FCCZ8zgQkZWd4va5ESih,1REAJ1k691g5Eqqg9gL7vvZCBG7FCCZ8zgQkZWd4va5ESih,1REAJ1k691g5Eqqg9gL7vvZCBG7FCCZ8zgQkZWd4va5ESih
7916861-1421,533,'2021/11/29 16:37:48,7916861,7916861-3,153.8441562593,staking(Rewarded),1REAJ1k691g5Eqqg9gL7vvZCBG7FCCZ8zgQkZWd4va5ESih,1REAJ1k691g5Eqqg9gL7vvZCBG7FCCZ8zgQkZWd4va5ESih,1REAJ1k691g5Eqqg9gL7vvZCBG7FCCZ8zgQkZWd4va5ESih
7916861-949,532,'2021/11/29 16:37:48,7916861,7916861-3,164.1250735305,staking(Rewarded),1REAJ1k691g5Eqqg9gL7vvZCBG7FCCZ8zgQkZWd4va5ESih,1REAJ1k691g5Eqqg9gL7vvZCBG7FCCZ8zgQkZWd4va5ESih,1REAJ1k691g5Eqqg9gL7vvZCBG7FCCZ8zgQkZWd4va5ESih
7916861-473,531,'2021/11/29 16:37:48,7916861,7916861-3,185.1788254982,staking(Rewarded),1REAJ1k691g5Eqqg9gL7vvZCBG7FCCZ8zgQkZWd4va5ESih,1REAJ1k691g5Eqqg9gL7vvZCBG7FCCZ8zgQkZWd4va5ESih,1REAJ1k691g5Eqqg9gL7vvZCBG7FCCZ8zgQkZWd4va5ESih
7916861-15,530,'2021/11/29 16:37:48,7916861,7916861-3,95.3605962059,staking(Rewarded),1REAJ1k691g5Eqqg9gL7vvZCBG7FCCZ8zgQkZWd4va5ESih,1REAJ1k691g5Eqqg9gL7vvZCBG7FCCZ8zgQkZWd4va5ESih,1REAJ1k691g5Eqqg9gL7vvZCBG7FCCZ8zgQkZWd4va5ESih
7691601-517,529,'2021/11/14 00:22:18,7691601,7691601-6,157.3239362646,staking(Rewarded),1REAJ1k691g5Eqqg9gL7vvZCBG7FCCZ8zgQkZWd4va5ESih,1REAJ1k691g5Eqqg9gL7vvZCBG7FCCZ8zgQkZWd4va5ESih,1REAJ1k691g5Eqqg9gL7vvZCBG7FCCZ8zgQkZWd4va5ESih
7691601-43,528,'2021/11/14 00:22:18,7691601,7691601-6,158.2518486158,staking(Rewarded),1REAJ1k691g5Eqqg9gL7vvZCBG7FCCZ8zgQkZWd4va5ESih,1REAJ1k691g5Eqqg9gL7vvZCBG7FCCZ8zgQkZWd4va5ESih,1REAJ1k691g5Eqqg9gL7vvZCBG7FCCZ8zgQkZWd4va5ESih
7663800-48,527,'2021/11/12 02:00:42,7663800,7663800-7,148.6587693129,staking(Rewarded),1REAJ1k691g5Eqqg9gL7vvZCBG7FCCZ8zgQkZWd4va5ESih,1REAJ1k691g5Eqqg9gL7vvZCBG7FCCZ8zgQkZWd4va5ESih,1REAJ1k691g5Eqqg9gL7vvZCBG7FCCZ8zgQkZWd4va5ESih
7652982-80,526,'2021/11/11 07:56:12,7652982,7652982-10,170.7477173746,staking(Rewarded),1REAJ1k691g5Eqqg9gL7vvZCBG7FCCZ8zgQkZWd4va5ESih,1REAJ1k691g5Eqqg9gL7vvZCBG7FCCZ8zgQkZWd4va5ESih,1REAJ1k691g5Eqqg9gL7vvZCBG7FCCZ8zgQkZWd4va5ESih
7639217-1793,525,'2021/11/10 08:35:06,7639217,7639217-6,188.7173525375,staking(Rewarded),1REAJ1k691g5Eqqg9gL7vvZCBG7FCCZ8zgQkZWd4va5ESih,1REAJ1k691g5Eqqg9gL7vvZCBG7FCCZ8zgQkZWd4va5ESih,1REAJ1k691g5Eqqg9gL7vvZCBG7FCCZ8zgQkZWd4va5ESih
7616059-70,524,'2021/11/08 17:20:36,7616059,7616059-9,176.0966299288,staking(Rewarded),1REAJ1k691g5Eqqg9gL7vvZCBG7FCCZ8zgQkZWd4va5ESih,1REAJ1k691g5Eqqg9gL7vvZCBG7FCCZ8zgQkZWd4va5ESih,1REAJ1k691g5Eqqg9gL7vvZCBG7FCCZ8zgQkZWd4va5ESih
7608365-26,523,'2021/11/08 04:19:12,7608365,7608365-4,204.9766378922,staking(Rewarded),1REAJ1k691g5Eqqg9gL7vvZCBG7FCCZ8zgQkZWd4va5ESih,1REAJ1k691g5Eqqg9gL7vvZCBG7FCCZ8zgQkZWd4va5ESih,1REAJ1k691g5Eqqg9gL7vvZCBG7FCCZ8zgQkZWd4va5ESih
7590837-512,522,'2021/11/06 22:44:36,7590837,7590837-9,137.1452804578,staking(Rewarded),1REAJ1k691g5Eqqg9gL7vvZCBG7FCCZ8zgQkZWd4va5ESih,1REAJ1k691g5Eqqg9gL7vvZCBG7FCCZ8zgQkZWd4va5ESih,1REAJ1k691g5Eqqg9gL7vvZCBG7FCCZ8zgQkZWd4va5ESih
7590837-68,521,'2021/11/06 22:44:36,7590837,7590837-9,218.9553219839,staking(Rewarded),1REAJ1k691g5Eqqg9gL7vvZCBG7FCCZ8zgQkZWd4va5ESih,1REAJ1k691g5Eqqg9gL7vvZCBG7FCCZ8zgQkZWd4va5ESih,1REAJ1k691g5Eqqg9gL7vvZCBG7FCCZ8zgQkZWd4va5ESih
7562191-463,520,'2021/11/04 22:27:18,7562191,7562191-4,166.1411734572,staking(Rewarded),1REAJ1k691g5Eqqg9gL7vvZCBG7FCCZ8zgQkZWd4va5ESih,1REAJ1k691g5Eqqg9gL7vvZCBG7FCCZ8zgQkZWd4va5ESih,1REAJ1k691g5Eqqg9gL7vvZCBG7FCCZ8zgQkZWd4va5ESih
7562191-21,519,'2021/11/04 22:27:18,7562191,7562191-4,150.2765605489,staking(Rewarded),1REAJ1k691g5Eqqg9gL7vvZCBG7FCCZ8zgQkZWd4va5ESih,1REAJ1k691g5Eqqg9gL7vvZCBG7FCCZ8zgQkZWd4va5ESih,1REAJ1k691g5Eqqg9gL7vvZCBG7FCCZ8zgQkZWd4va5ESih
7531506-177,518,'2021/11/02 18:56:06,7531506,7531506-7,140.8093912860,staking(Rewarded),1REAJ1k691g5Eqqg9gL7vvZCBG7FCCZ8zgQkZWd4va5ESih,1REAJ1k691g5Eqqg9gL7vvZCBG7FCCZ8zgQkZWd4va5ESih,1REAJ1k691g5Eqqg9gL7vvZCBG7FCCZ8zgQkZWd4va5ESih
7518040-221,517,'2021/11/01 20:20:12,7518040,7518040-6,175.6677026516,staking(Rewarded),1REAJ1k691g5Eqqg9gL7vvZCBG7FCCZ8zgQkZWd4va5ESih,1REAJ1k691g5Eqqg9gL7vvZCBG7FCCZ8zgQkZWd4va5ESih,1REAJ1k691g5Eqqg9gL7vvZCBG7FCCZ8zgQkZWd4va5ESih
7507540-3,516,'2021/11/01 02:43:24,7507540,7507540-2,154.8860233322,staking(Rewarded),1REAJ1k691g5Eqqg9gL7vvZCBG7FCCZ8zgQkZWd4va5ESih,1REAJ1k691g5Eqqg9gL7vvZCBG7FCCZ8zgQkZWd4va5ESih,1REAJ1k691g5Eqqg9gL7vvZCBG7FCCZ8zgQkZWd4va5ESih
7639217-1367,515,'2021/11/10 08:35:06,7639217,7639217-6,177.4746035112,staking(Rewarded),1REAJ1k691g5Eqqg9gL7vvZCBG7FCCZ8zgQkZWd4va5ESih,1REAJ1k691g5Eqqg9gL7vvZCBG7FCCZ8zgQkZWd4va5ESih,1REAJ1k691g5Eqqg9gL7vvZCBG7FCCZ8zgQkZWd4va5ESih
7639217-933,514,'2021/11/10 08:35:06,7639217,7639217-6,199.5402142912,staking(Rewarded),1REAJ1k691g5Eqqg9gL7vvZCBG7FCCZ8zgQkZWd4va5ESih,1REAJ1k691g5Eqqg9gL7vvZCBG7FCCZ8zgQkZWd4va5ESih,1REAJ1k691g5Eqqg9gL7vvZCBG7FCCZ8zgQkZWd4va5ESih
7639217-489,513,'2021/11/10 08:35:06,7639217,7639217-6,122.0704704117,staking(Rewarded),1REAJ1k691g5Eqqg9gL7vvZCBG7FCCZ8zgQkZWd4va5ESih,1REAJ1k691g5Eqqg9gL7vvZCBG7FCCZ8zgQkZWd4va5ESih,1REAJ1k691g5Eqqg9gL7vvZCBG7FCCZ8zgQkZWd4va5ESih
7444775-311,512,'2021/10/27 17:10:36,7444775,7444775-7,150.4188572373,staking(Rewarded),1REAJ1k691g5Eqqg9gL7vvZCBG7FCCZ8zgQkZWd4va5ESih,1REAJ1k691g5Eqqg9gL7vvZCBG7FCCZ8zgQkZWd4va5ESih,1REAJ1k691g5Eqqg9gL7vvZCBG7FCCZ8zgQkZWd4va5ESih
7639217-37,511,'2021/11/10 08:35:06,7639217,7639217-6,125.0254357734,staking(Rewarded),1REAJ1k691g5Eqqg9gL7vvZCBG7FCCZ8zgQkZWd4va5ESih,1REAJ1k691g5Eqqg9gL7vvZCBG7FCCZ8zgQkZWd4va5ESih,1REAJ1k691g5Eqqg9gL7vvZCBG7FCCZ8zgQkZWd4va5ESih
7415619-226,510,'2021/10/25 16:17:36,7415619,7415619-2,205.3116462385,staking(Rewarded),1REAJ1k691g5Eqqg9gL7vvZCBG7FCCZ8zgQkZWd4va5ESih,1REAJ1k691g5Eqqg9gL7vvZCBG7FCCZ8zgQkZWd4va5ESih,1REAJ1k691g5Eqqg9gL7vvZCBG7FCCZ8zgQkZWd4va5ESih
7415619-3,509,'2021/10/25 16:17:36,7415619,7415619-2,160.6556768825,staking(Rewarded),1REAJ1k691g5Eqqg9gL7vvZCBG7FCCZ8zgQkZWd4va5ESih,1REAJ1k691g5Eqqg9gL7vvZCBG7FCCZ8zgQkZWd4va5ESih,1REAJ1k691g5Eqqg9gL7vvZCBG7FCCZ8zgQkZWd4va5ESih
7415625-646,508,'2021/10/25 16:18:12,7415625,7415625-2,183.1384675828,staking(Rewarded),1REAJ1k691g5Eqqg9gL7vvZCBG7FCCZ8zgQkZWd4va5ESih,1REAJ1k691g5Eqqg9gL7vvZCBG7FCCZ8zgQkZWd4va5ESih,1REAJ1k691g5Eqqg9gL7vvZCBG7FCCZ8zgQkZWd4va5ESih
7373046-6,507,'2021/10/22 16:53:36,7373046,7373046-3,134.2609980892,staking(Rewarded),1REAJ1k691g5Eqqg9gL7vvZCBG7FCCZ8zgQkZWd4va5ESih,1REAJ1k691g5Eqqg9gL7vvZCBG7FCCZ8zgQkZWd4va5ESih,1REAJ1k691g5Eqqg9gL7vvZCBG7FCCZ8zgQkZWd4va5ESih
7390481-234,506,'2021/10/23 22:09:12,7390481,7390481-4,135.6095528848,staking(Rewarded),1REAJ1k691g5Eqqg9gL7vvZCBG7FCCZ8zgQkZWd4va5ESih,1REAJ1k691g5Eqqg9gL7vvZCBG7FCCZ8zgQkZWd4va5ESih,1REAJ1k691g5Eqqg9gL7vvZCBG7FCCZ8zgQkZWd4va5ESih
7344822-217,505,'2021/10/20 17:40:48,7344822,7344822-3,170.8512311432,staking(Rewarded),1REAJ1k691g5Eqqg9gL7vvZCBG7FCCZ8zgQkZWd4va5ESih,1REAJ1k691g5Eqqg9gL7vvZCBG7FCCZ8zgQkZWd4va5ESih,1REAJ1k691g5Eqqg9gL7vvZCBG7FCCZ8zgQkZWd4va5ESih
7344822-9,504,'2021/10/20 17:40:48,7344822,7344822-3,93.5740421735,staking(Rewarded),1REAJ1k691g5Eqqg9gL7vvZCBG7FCCZ8zgQkZWd4va5ESih,1REAJ1k691g5Eqqg9gL7vvZCBG7FCCZ8zgQkZWd4va5ESih,1REAJ1k691g5Eqqg9gL7vvZCBG7FCCZ8zgQkZWd4va5ESih
7415625-436,503,'2021/10/25 16:18:12,7415625,7415625-2,197.0613626586,staking(Rewarded),1REAJ1k691g5Eqqg9gL7vvZCBG7FCCZ8zgQkZWd4va5ESih,1REAJ1k691g5Eqqg9gL7vvZCBG7FCCZ8zgQkZWd4va5ESih,1REAJ1k691g5Eqqg9gL7vvZCBG7FCCZ8zgQkZWd4va5ESih
7390481-13,502,'2021/10/23 22:09:12,7390481,7390481-4,159.0615161097,staking(Rewarded),1REAJ1k691g5Eqqg9gL7vvZCBG7FCCZ8zgQkZWd4va5ESih,1REAJ1k691g5Eqqg9gL7vvZCBG7FCCZ8zgQkZWd4va5ESih,1REAJ1k691g5Eqqg9gL7vvZCBG7FCCZ8zgQkZWd4va5ESih
7415625-223,501,'2021/10/25 16:18:12,7415625,7415625-2,186.4994202884,staking(Rewarded),1REAJ1k691g5Eqqg9gL7vvZCBG7FCCZ8zgQkZWd4va5ESih,1REAJ1k691g5Eqqg9gL7vvZCBG7FCCZ8zgQkZWd4va5ESih,1REAJ1k691g5Eqqg9gL7vvZCBG7FCCZ8zgQkZWd4va5ESih
7277971-14,500,'2021/10/16 02:08:42,7277971,7277971-5,200.9592520400,staking(Rewarded),1REAJ1k691g5Eqqg9gL7vvZCBG7FCCZ8zgQkZWd4va5ESih,1REAJ1k691g5Eqqg9gL7vvZCBG7FCCZ8zgQkZWd4va5ESih,1REAJ1k691g5Eqqg9gL7vvZCBG7FCCZ8zgQkZWd4va5ESih
7415625-3,499,'2021/10/25 16:18:12,7415625,7415625-2,145.7315080806,staking(Rewarded),1REAJ1k691g5Eqqg9gL7vvZCBG7FCCZ8zgQkZWd4va5ESih,1REAJ1k691g5Eqqg9gL7vvZCBG7FCCZ8zgQkZWd4va5ESih,1REAJ1k691g5Eqqg9gL7vvZCBG7FCCZ8zgQkZWd4va5ESih
7242993-3,498,'2021/10/13 15:49:06,7242993,7242993-2,154.9466173500,staking(Rewarded),1REAJ1k691g5Eqqg9gL7vvZCBG7FCCZ8zgQkZWd4va5ESih,1REAJ1k691g5Eqqg9gL7vvZCBG7FCCZ8zgQkZWd4va5ESih,1REAJ1k691g5Eqqg9gL7vvZCBG7FCCZ8zgQkZWd4va5ESih
7238673-262,497,'2021/10/13 08:36:36,7238673,7238673-2,159.9472155271,staking(Rewarded),1REAJ1k691g5Eqqg9gL7vvZCBG7FCCZ8zgQkZWd4va5ESih,1REAJ1k691g5Eqqg9gL7vvZCBG7FCCZ8zgQkZWd4va5ESih,1REAJ1k691g5Eqqg9gL7vvZCBG7FCCZ8zgQkZWd4va5ESih
7238673-3,496,'2021/10/13 08:36:36,7238673,7238673-2,118.7553350172,staking(Rewarded),1REAJ1k691g5Eqqg9gL7vvZCBG7FCCZ8zgQkZWd4va5ESih,1REAJ1k691g5Eqqg9gL7vvZCBG7FCCZ8zgQkZWd4va5ESih,1REAJ1k691g5Eqqg9gL7vvZCBG7FCCZ8zgQkZWd4va5ESih
7242595-301,495,'2021/10/13 15:09:12,7242595,7242595-5,211.3536393061,staking(Rewarded),1REAJ1k691g5Eqqg9gL7vvZCBG7FCCZ8zgQkZWd4va5ESih,1REAJ1k691g5Eqqg9gL7vvZCBG7FCCZ8zgQkZWd4va5ESih,1REAJ1k691g5Eqqg9gL7vvZCBG7FCCZ8zgQkZWd4va5ESih
7242595-42,494,'2021/10/13 15:09:12,7242595,7242595-5,127.3855649863,staking(Rewarded),1REAJ1k691g5Eqqg9gL7vvZCBG7FCCZ8zgQkZWd4va5ESih,1REAJ1k691g5Eqqg9gL7vvZCBG7FCCZ8zgQkZWd4va5ESih,1REAJ1k691g5Eqqg9gL7vvZCBG7FCCZ8zgQkZWd4va5ESih
7172760-33,493,'2021/10/08 16:54:54,7172760,7172760-3,174.0579478725,staking(Rewarded),1REAJ1k691g5Eqqg9gL7vvZCBG7FCCZ8zgQkZWd4va5ESih,1REAJ1k691g5Eqqg9gL7vvZCBG7FCCZ8zgQkZWd4va5ESih,1REAJ1k691g5Eqqg9gL7vvZCBG7FCCZ8zgQkZWd4va5ESih
7164208-8,492,'2021/10/08 02:37:30,7164208,7164208-2,163.4757624452,staking(Rewarded),1REAJ1k691g5Eqqg9gL7vvZCBG7FCCZ8zgQkZWd4va5ESih,1REAJ1k691g5Eqqg9gL7vvZCBG7FCCZ8zgQkZWd4va5ESih,1REAJ1k691g5Eqqg9gL7vvZCBG7FCCZ8zgQkZWd4va5ESih
7143475-1297,491,'2021/10/06 15:59:54,7143475,7143475-1,163.0591781837,staking(Rewarded),1REAJ1k691g5Eqqg9gL7vvZCBG7FCCZ8zgQkZWd4va5ESih,1REAJ1k691g5Eqqg9gL7vvZCBG7FCCZ8zgQkZWd4va5ESih,1REAJ1k691g5Eqqg9gL7vvZCBG7FCCZ8zgQkZWd4va5ESih
7158338-7,490,'2021/10/07 16:48:06,7158338,7158338-2,148.2895251409,staking(Rewarded),1REAJ1k691g5Eqqg9gL7vvZCBG7FCCZ8zgQkZWd4va5ESih,1REAJ1k691g5Eqqg9gL7vvZCBG7FCCZ8zgQkZWd4va5ESih,1REAJ1k691g5Eqqg9gL7vvZCBG7FCCZ8zgQkZWd4va5ESih
7115542-265,489,'2021/10/04 17:25:30,7115542,7115542-2,138.0754582832,staking(Rewarded),1REAJ1k691g5Eqqg9gL7vvZCBG7FCCZ8zgQkZWd4va5ESih,1REAJ1k691g5Eqqg9gL7vvZCBG7FCCZ8zgQkZWd4va5ESih,1REAJ1k691g5Eqqg9gL7vvZCBG7FCCZ8zgQkZWd4va5ESih
7115542-6,488,'2021/10/04 17:25:30,7115542,7115542-2,172.0275978242,staking(Rewarded),1REAJ1k691g5Eqqg9gL7vvZCBG7FCCZ8zgQkZWd4va5ESih,1REAJ1k691g5Eqqg9gL7vvZCBG7FCCZ8zgQkZWd4va5ESih,1REAJ1k691g5Eqqg9gL7vvZCBG7FCCZ8zgQkZWd4va5ESih
7099896-2,487,'2021/10/03 15:20:30,7099896,7099896-1,165.2825877677,staking(Rewarded),1REAJ1k691g5Eqqg9gL7vvZCBG7FCCZ8zgQkZWd4va5ESih,1REAJ1k691g5Eqqg9gL7vvZCBG7FCCZ8zgQkZWd4va5ESih,1REAJ1k691g5Eqqg9gL7vvZCBG7FCCZ8zgQkZWd4va5ESih
7074840-2,486,'2021/10/01 21:33:48,7074840,7074840-1,188.7568301937,staking(Rewarded),1REAJ1k691g5Eqqg9gL7vvZCBG7FCCZ8zgQkZWd4va5ESih,1REAJ1k691g5Eqqg9gL7vvZCBG7FCCZ8zgQkZWd4va5ESih,1REAJ1k691g5Eqqg9gL7vvZCBG7FCCZ8zgQkZWd4va5ESih
7061477-164,485,'2021/09/30 23:17:12,7061477,7061477-2,144.7592464567,staking(Rewarded),1REAJ1k691g5Eqqg9gL7vvZCBG7FCCZ8zgQkZWd4va5ESih,1REAJ1k691g5Eqqg9gL7vvZCBG7FCCZ8zgQkZWd4va5ESih,1REAJ1k691g5Eqqg9gL7vvZCBG7FCCZ8zgQkZWd4va5ESih
7043385-2,484,'2021/09/29 17:06:48,7043385,7043385-1,134.6665325649,staking(Rewarded),1REAJ1k691g5Eqqg9gL7vvZCBG7FCCZ8zgQkZWd4va5ESih,1REAJ1k691g5Eqqg9gL7vvZCBG7FCCZ8zgQkZWd4va5ESih,1REAJ1k691g5Eqqg9gL7vvZCBG7FCCZ8zgQkZWd4va5ESih
7032193-269,483,'2021/09/28 22:24:42,7032193,7032193-2,171.7042793693,staking(Rewarded),1REAJ1k691g5Eqqg9gL7vvZCBG7FCCZ8zgQkZWd4va5ESih,1REAJ1k691g5Eqqg9gL7vvZCBG7FCCZ8zgQkZWd4va5ESih,1REAJ1k691g5Eqqg9gL7vvZCBG7FCCZ8zgQkZWd4va5ESih
7032193-10,482,'2021/09/28 22:24:42,7032193,7032193-2,205.2470756240,staking(Rewarded),1REAJ1k691g5Eqqg9gL7vvZCBG7FCCZ8zgQkZWd4va5ESih,1REAJ1k691g5Eqqg9gL7vvZCBG7FCCZ8zgQkZWd4va5ESih,1REAJ1k691g5Eqqg9gL7vvZCBG7FCCZ8zgQkZWd4va5ESih
7001183-2,481,'2021/09/26 18:42:12,7001183,7001183-1,207.6658973772,staking(Rewarded),1REAJ1k691g5Eqqg9gL7vvZCBG7FCCZ8zgQkZWd4va5ESih,1REAJ1k691g5Eqqg9gL7vvZCBG7FCCZ8zgQkZWd4va5ESih,1REAJ1k691g5Eqqg9gL7vvZCBG7FCCZ8zgQkZWd4va5ESih
6992604-2,480,'2021/09/26 04:23:54,6992604,6992604-1,144.0149283748,staking(Rewarded),1REAJ1k691g5Eqqg9gL7vvZCBG7FCCZ8zgQkZWd4va5ESih,1REAJ1k691g5Eqqg9gL7vvZCBG7FCCZ8zgQkZWd4va5ESih,1REAJ1k691g5Eqqg9gL7vvZCBG7FCCZ8zgQkZWd4va5ESih
7005013-8,479,'2021/09/27 01:05:18,7005013,7005013-2,177.4669576248,staking(Rewarded),1REAJ1k691g5Eqqg9gL7vvZCBG7FCCZ8zgQkZWd4va5ESih,1REAJ1k691g5Eqqg9gL7vvZCBG7FCCZ8zgQkZWd4va5ESih,1REAJ1k691g5Eqqg9gL7vvZCBG7FCCZ8zgQkZWd4va5ESih
6958252-2,478,'2021/09/23 19:08:12,6958252,6958252-1,127.3561660178,staking(Rewarded),1REAJ1k691g5Eqqg9gL7vvZCBG7FCCZ8zgQkZWd4va5ESih,1REAJ1k691g5Eqqg9gL7vvZCBG7FCCZ8zgQkZWd4va5ESih,1REAJ1k691g5Eqqg9gL7vvZCBG7FCCZ8zgQkZWd4va5ESih
6943407-15,477,'2021/09/22 18:23:18,6943407,6943407-3,198.1182063870,staking(Rewarded),1REAJ1k691g5Eqqg9gL7vvZCBG7FCCZ8zgQkZWd4va5ESih,1REAJ1k691g5Eqqg9gL7vvZCBG7FCCZ8zgQkZWd4va5ESih,1REAJ1k691g5Eqqg9gL7vvZCBG7FCCZ8zgQkZWd4va5ESih
6928155-770,476,'2021/09/21 16:57:36,6928155,6928155-1,157.9522249835,staking(Rewarded),1REAJ1k691g5Eqqg9gL7vvZCBG7FCCZ8zgQkZWd4va5ESih,1REAJ1k691g5Eqqg9gL7vvZCBG7FCCZ8zgQkZWd4va5ESih,1REAJ1k691g5Eqqg9gL7vvZCBG7FCCZ8zgQkZWd4va5ESih
6928155-519,475,'2021/09/21 16:57:36,6928155,6928155-1,154.4266337124,staking(Rewarded),1REAJ1k691g5Eqqg9gL7vvZCBG7FCCZ8zgQkZWd4va5ESih,1REAJ1k691g5Eqqg9gL7vvZCBG7FCCZ8zgQkZWd4va5ESih,1REAJ1k691g5Eqqg9gL7vvZCBG7FCCZ8zgQkZWd4va5ESih
6928155-260,474,'2021/09/21 16:57:36,6928155,6928155-1,157.5757072028,staking(Rewarded),1REAJ1k691g5Eqqg9gL7vvZCBG7FCCZ8zgQkZWd4va5ESih,1REAJ1k691g5Eqqg9gL7vvZCBG7FCCZ8zgQkZWd4va5ESih,1REAJ1k691g5Eqqg9gL7vvZCBG7FCCZ8zgQkZWd4va5ESih
6893425-2,473,'2021/09/19 07:04:18,6893425,6893425-1,161.0490161840,staking(Rewarded),1REAJ1k691g5Eqqg9gL7vvZCBG7FCCZ8zgQkZWd4va5ESih,1REAJ1k691g5Eqqg9gL7vvZCBG7FCCZ8zgQkZWd4va5ESih,1REAJ1k691g5Eqqg9gL7vvZCBG7FCCZ8zgQkZWd4va5ESih
6874438-261,472,'2021/09/17 23:25:24,6874438,6874438-1,130.7997823139,staking(Rewarded),1REAJ1k691g5Eqqg9gL7vvZCBG7FCCZ8zgQkZWd4va5ESih,1REAJ1k691g5Eqqg9gL7vvZCBG7FCCZ8zgQkZWd4va5ESih,1REAJ1k691g5Eqqg9gL7vvZCBG7FCCZ8zgQkZWd4va5ESih
6874438-2,471,'2021/09/17 23:25:24,6874438,6874438-1,160.9264271716,staking(Rewarded),1REAJ1k691g5Eqqg9gL7vvZCBG7FCCZ8zgQkZWd4va5ESih,1REAJ1k691g5Eqqg9gL7vvZCBG7FCCZ8zgQkZWd4va5ESih,1REAJ1k691g5Eqqg9gL7vvZCBG7FCCZ8zgQkZWd4va5ESih
6928155-2,470,'2021/09/21 16:57:36,6928155,6928155-1,154.7852965693,staking(Rewarded),1REAJ1k691g5Eqqg9gL7vvZCBG7FCCZ8zgQkZWd4va5ESih,1REAJ1k691g5Eqqg9gL7vvZCBG7FCCZ8zgQkZWd4va5ESih,1REAJ1k691g5Eqqg9gL7vvZCBG7FCCZ8zgQkZWd4va5ESih
6833383-8,469,'2021/09/15 02:56:24,6833383,6833383-2,184.0974536841,staking(Rewarded),1REAJ1k691g5Eqqg9gL7vvZCBG7FCCZ8zgQkZWd4va5ESih,1REAJ1k691g5Eqqg9gL7vvZCBG7FCCZ8zgQkZWd4va5ESih,1REAJ1k691g5Eqqg9gL7vvZCBG7FCCZ8zgQkZWd4va5ESih
6832737-9,468,'2021/09/15 01:51:48,6832737,6832737-2,174.0718344988,staking(Rewarded),1REAJ1k691g5Eqqg9gL7vvZCBG7FCCZ8zgQkZWd4va5ESih,1REAJ1k691g5Eqqg9gL7vvZCBG7FCCZ8zgQkZWd4va5ESih,1REAJ1k691g5Eqqg9gL7vvZCBG7FCCZ8zgQkZWd4va5ESih
6809350-271,467,'2021/09/13 10:50:00,6809350,6809350-3,147.6858794934,staking(Rewarded),1REAJ1k691g5Eqqg9gL7vvZCBG7FCCZ8zgQkZWd4va5ESih,1REAJ1k691g5Eqqg9gL7vvZCBG7FCCZ8zgQkZWd4va5ESih,1REAJ1k691g5Eqqg9gL7vvZCBG7FCCZ8zgQkZWd4va5ESih
6809350-12,466,'2021/09/13 10:50:00,6809350,6809350-3,187.6328708699,staking(Rewarded),1REAJ1k691g5Eqqg9gL7vvZCBG7FCCZ8zgQkZWd4va5ESih,1REAJ1k691g5Eqqg9gL7vvZCBG7FCCZ8zgQkZWd4va5ESih,1REAJ1k691g5Eqqg9gL7vvZCBG7FCCZ8zgQkZWd4va5ESih
6835818-2,465,'2021/09/15 07:00:30,6835818,6835818-1,170.7846269487,staking(Rewarded),1REAJ1k691g5Eqqg9gL7vvZCBG7FCCZ8zgQkZWd4va5ESih,1REAJ1k691g5Eqqg9gL7vvZCBG7FCCZ8zgQkZWd4va5ESih,1REAJ1k691g5Eqqg9gL7vvZCBG7FCCZ8zgQkZWd4va5ESih
6757205-2,464,'2021/09/09 19:49:48,6757205,6757205-1,161.2154854220,staking(Rewarded),1REAJ1k691g5Eqqg9gL7vvZCBG7FCCZ8zgQkZWd4va5ESih,1REAJ1k691g5Eqqg9gL7vvZCBG7FCCZ8zgQkZWd4va5ESih,1REAJ1k691g5Eqqg9gL7vvZCBG7FCCZ8zgQkZWd4va5ESih
6742844-10,463,'2021/09/08 19:53:00,6742844,6742844-3,160.3286253712,staking(Rewarded),1REAJ1k691g5Eqqg9gL7vvZCBG7FCCZ8zgQkZWd4va5ESih,1REAJ1k691g5Eqqg9gL7vvZCBG7FCCZ8zgQkZWd4va5ESih,1REAJ1k691g5Eqqg9gL7vvZCBG7FCCZ8zgQkZWd4va5ESih
6726636-8,462,'2021/09/07 16:50:42,6726636,6726636-2,151.3092731816,staking(Rewarded),1REAJ1k691g5Eqqg9gL7vvZCBG7FCCZ8zgQkZWd4va5ESih,1REAJ1k691g5Eqqg9gL7vvZCBG7FCCZ8zgQkZWd4va5ESih,1REAJ1k691g5Eqqg9gL7vvZCBG7FCCZ8zgQkZWd4va5ESih
6723388-254,461,'2021/09/07 11:25:30,6723388,6723388-2,153.6521475585,staking(Rewarded),1REAJ1k691g5Eqqg9gL7vvZCBG7FCCZ8zgQkZWd4va5ESih,1REAJ1k691g5Eqqg9gL7vvZCBG7FCCZ8zgQkZWd4va5ESih,1REAJ1k691g5Eqqg9gL7vvZCBG7FCCZ8zgQkZWd4va5ESih
6723388-8,460,'2021/09/07 11:25:30,6723388,6723388-2,170.5398424824,staking(Rewarded),1REAJ1k691g5Eqqg9gL7vvZCBG7FCCZ8zgQkZWd4va5ESih,1REAJ1k691g5Eqqg9gL7vvZCBG7FCCZ8zgQkZWd4va5ESih,1REAJ1k691g5Eqqg9gL7vvZCBG7FCCZ8zgQkZWd4va5ESih
6686374-5,0,'2021/09/04 21:39:24,6686374,6686374-2,180.1676023386,staking(Reward),1REAJ1k691g5Eqqg9gL7vvZCBG7FCCZ8zgQkZWd4va5ESih,1REAJ1k691g5Eqqg9gL7vvZCBG7FCCZ8zgQkZWd4va5ESih,
6685295-1,0,'2021/09/04 19:51:30,6685295,6685295-1,170.4062038975,staking(Reward),1REAJ1k691g5Eqqg9gL7vvZCBG7FCCZ8zgQkZWd4va5ESih,1REAJ1k691g5Eqqg9gL7vvZCBG7FCCZ8zgQkZWd4va5ESih,
6655727-1,0,'2021/09/02 18:33:42,6655727,6655727-1,142.6850930286,staking(Reward),1REAJ1k691g5Eqqg9gL7vvZCBG7FCCZ8zgQkZWd4va5ESih,1REAJ1k691g5Eqqg9gL7vvZCBG7FCCZ8zgQkZWd4va5ESih,
6655727-258,0,'2021/09/02 18:33:42,6655727,6655727-1,186.3698758459,staking(Reward),1REAJ1k691g5Eqqg9gL7vvZCBG7FCCZ8zgQkZWd4va5ESih,1REAJ1k691g5Eqqg9gL7vvZCBG7FCCZ8zgQkZWd4va5ESih,
6655727-498,0,'2021/09/02 18:33:42,6655727,6655727-1,169.3753909292,staking(Reward),1REAJ1k691g5Eqqg9gL7vvZCBG7FCCZ8zgQkZWd4va5ESih,1REAJ1k691g5Eqqg9gL7vvZCBG7FCCZ8zgQkZWd4va5ESih,
6655727-744,0,'2021/09/02 18:33:42,6655727,6655727-1,155.9164562561,staking(Reward),1REAJ1k691g5Eqqg9gL7vvZCBG7FCCZ8zgQkZWd4va5ESih,1REAJ1k691g5Eqqg9gL7vvZCBG7FCCZ8zgQkZWd4va5ESih,
6625116-11,0,'2021/08/31 15:31:30,6625116,6625116-3,156.0800698722,staking(Reward),1REAJ1k691g5Eqqg9gL7vvZCBG7FCCZ8zgQkZWd4va5ESih,1REAJ1k691g5Eqqg9gL7vvZCBG7FCCZ8zgQkZWd4va5ESih,
6586057-11,0,'2021/08/28 22:24:30,6586057,6586057-3,205.8663659691,staking(Reward),1REAJ1k691g5Eqqg9gL7vvZCBG7FCCZ8zgQkZWd4va5ESih,1REAJ1k691g5Eqqg9gL7vvZCBG7FCCZ8zgQkZWd4va5ESih,
6569034-7,0,'2021/08/27 18:02:06,6569034,6569034-2,164.1026587643,staking(Reward),1REAJ1k691g5Eqqg9gL7vvZCBG7FCCZ8zgQkZWd4va5ESih,1REAJ1k691g5Eqqg9gL7vvZCBG7FCCZ8zgQkZWd4va5ESih,
6553830-8,0,'2021/08/26 16:41:12,6553830,6553830-3,147.9185756714,staking(Reward),1REAJ1k691g5Eqqg9gL7vvZCBG7FCCZ8zgQkZWd4va5ESih,1REAJ1k691g5Eqqg9gL7vvZCBG7FCCZ8zgQkZWd4va5ESih,
6540426-5,0,'2021/08/25 18:20:48,6540426,6540426-2,192.9949301680,staking(Reward),1REAJ1k691g5Eqqg9gL7vvZCBG7FCCZ8zgQkZWd4va5ESih,1REAJ1k691g5Eqqg9gL7vvZCBG7FCCZ8zgQkZWd4va5ESih,
6526784-20,0,'2021/08/24 19:36:06,6526784,6526784-5,179.6957890149,staking(Reward),1REAJ1k691g5Eqqg9gL7vvZCBG7FCCZ8zgQkZWd4va5ESih,1REAJ1k691g5Eqqg9gL7vvZCBG7FCCZ8zgQkZWd4va5ESih,
6526784-275,0,'2021/08/24 19:36:06,6526784,6526784-5,136.5925030048,staking(Reward),1REAJ1k691g5Eqqg9gL7vvZCBG7FCCZ8zgQkZWd4va5ESih,1REAJ1k691g5Eqqg9gL7vvZCBG7FCCZ8zgQkZWd4va5ESih,
6521760-1,0,'2021/08/24 11:12:54,6521760,6521760-1,139.7378978110,staking(Reward),1REAJ1k691g5Eqqg9gL7vvZCBG7FCCZ8zgQkZWd4va5ESih,1REAJ1k691g5Eqqg9gL7vvZCBG7FCCZ8zgQkZWd4va5ESih,
6509039-11,0,'2021/08/23 14:00:06,6509039,6509039-3,166.9612916769,staking(Reward),1REAJ1k691g5Eqqg9gL7vvZCBG7FCCZ8zgQkZWd4va5ESih,1REAJ1k691g5Eqqg9gL7vvZCBG7FCCZ8zgQkZWd4va5ESih,
6509039-268,0,'2021/08/23 14:00:06,6509039,6509039-3,136.5592387049,staking(Reward),1REAJ1k691g5Eqqg9gL7vvZCBG7FCCZ8zgQkZWd4va5ESih,1REAJ1k691g5Eqqg9gL7vvZCBG7FCCZ8zgQkZWd4va5ESih,
6465926-1,0,'2021/08/20 14:07:06,6465926,6465926-1,210.0330048977,staking(Reward),1REAJ1k691g5Eqqg9gL7vvZCBG7FCCZ8zgQkZWd4va5ESih,1REAJ1k691g5Eqqg9gL7vvZCBG7FCCZ8zgQkZWd4va5ESih,
6465926-257,0,'2021/08/20 14:07:06,6465926,6465926-1,157.7015533568,staking(Reward),1REAJ1k691g5Eqqg9gL7vvZCBG7FCCZ8zgQkZWd4va5ESih,1REAJ1k691g5Eqqg9gL7vvZCBG7FCCZ8zgQkZWd4va5ESih,
6425875-7,0,'2021/08/17 19:19:42,6425875,6425875-2,174.2123989578,staking(Reward),1REAJ1k691g5Eqqg9gL7vvZCBG7FCCZ8zgQkZWd4va5ESih,1REAJ1k691g5Eqqg9gL7vvZCBG7FCCZ8zgQkZWd4va5ESih,
6423956-7,0,'2021/08/17 16:07:48,6423956,6423956-2,173.7297108231,staking(Reward),1REAJ1k691g5Eqqg9gL7vvZCBG7FCCZ8zgQkZWd4va5ESih,1REAJ1k691g5Eqqg9gL7vvZCBG7FCCZ8zgQkZWd4va5ESih,
6423956-264,0,'2021/08/17 16:07:48,6423956,6423956-2,154.8670316737,staking(Reward),1REAJ1k691g5Eqqg9gL7vvZCBG7FCCZ8zgQkZWd4va5ESih,1REAJ1k691g5Eqqg9gL7vvZCBG7FCCZ8zgQkZWd4va5ESih,
6423754-5,0,'2021/08/17 15:47:36,6423754,6423754-2,172.4011685026,staking(Reward),1REAJ1k691g5Eqqg9gL7vvZCBG7FCCZ8zgQkZWd4va5ESih,1REAJ1k691g5Eqqg9gL7vvZCBG7FCCZ8zgQkZWd4va5ESih,
6423455-14,0,'2021/08/17 15:17:42,6423455,6423455-4,162.6958182921,staking(Reward),1REAJ1k691g5Eqqg9gL7vvZCBG7FCCZ8zgQkZWd4va5ESih,1REAJ1k691g5Eqqg9gL7vvZCBG7FCCZ8zgQkZWd4va5ESih,
6423455-271,0,'2021/08/17 15:17:42,6423455,6423455-4,159.5487191288,staking(Reward),1REAJ1k691g5Eqqg9gL7vvZCBG7FCCZ8zgQkZWd4va5ESih,1REAJ1k691g5Eqqg9gL7vvZCBG7FCCZ8zgQkZWd4va5ESih,
6423455-528,0,'2021/08/17 15:17:42,6423455,6423455-4,144.0403508436,staking(Reward),1REAJ1k691g5Eqqg9gL7vvZCBG7FCCZ8zgQkZWd4va5ESih,1REAJ1k691g5Eqqg9gL7vvZCBG7FCCZ8zgQkZWd4va5ESih,
6410516-1,0,'2021/08/16 17:43:42,6410516,6410516-1,166.5357462026,staking(Reward),1REAJ1k691g5Eqqg9gL7vvZCBG7FCCZ8zgQkZWd4va5ESih,1REAJ1k691g5Eqqg9gL7vvZCBG7FCCZ8zgQkZWd4va5ESih,
6410516-258,0,'2021/08/16 17:43:42,6410516,6410516-1,194.5704255038,staking(Reward),1REAJ1k691g5Eqqg9gL7vvZCBG7FCCZ8zgQkZWd4va5ESih,1REAJ1k691g5Eqqg9gL7vvZCBG7FCCZ8zgQkZWd4va5ESih,
